dap;h;Me;biomassa
6,4;5;1,04;7,07
7,3;5;1,04;10,3
7,8;5,5;1,04;13,9
9,2;7,6;1,04;18,61
9,9;8,2;1,04;30,97
10,6;8,7;1,04;46,44
11,3;9,5;1,04;110,14
12;8,6;1,04;74,51
12,7;8,7;0,83;13,3
13,4;9,1;0,83;27,88
14,1;11;0,83;42,7
14,8;11,8;0,83;55,28
15,5;13,5;0,83;83,64
16,2;12,5;0,83;73,05
16,9;15,9;0,83;337,41
17,6;6,8;0,9;8,54
18,3;10,7;0,9;21,09
19;13;0,9;60,11
19,7;11;0,9;57,29
14,5;12;0,9;72,62
15,3;13,3;0,9;98,1
16,6;13;0,9;112,16
21,6;14,7;0,9;197,17
7,5;7,7;0,83;14,13
8,5;7,5;0,83;17,26
9;6,7;0,83;16,63
12,5;7,9;0,83;46,75
15;8,9;0,83;81,42
15,5;10,8;0,83;99,8
20;11,6;0,83;158,66
24,9;13,4;0,83;225,61
6,7;9,3;0,92;18,72
6,8;7,8;0,92;10,09
7,4;5,3;0,92;15,67
9,7;11,3;0,92;27,18
13,5;14,6;0,92;89,83
14;16,1;0,92;122,39
18,8;15,9;0,92;205,92
20,8;14,3;0,92;232,32
6;5,6;0,63;7,82
8;6,7;0,63;18,1
8,5;7;0,63;22,5
10,2;7,2;0,63;22,53
10,2;8;0,63;35,99
10,5;6,8;0,63;42,16
16,7;9,4;0,63;136,62
6,5;12;0,56;14,39
7,5;11,2;0,55;20,58
7,5;11,8;0,54;19,67
8,5;10,8;0,53;25,76
10,2;12;0,57;46,73
11,1;12;0,51;37,45
11,5;15;0,52;55,79
13,1;15,5;0,51;79,22
14,6;16,5;0,51;128,39
15,8;16,5;0,55;140,31
16,6;12;0,58;105,17
16,9;11,5;0,5;110,98
18,3;12,3;0,52;140,25
19,4;18,7;0,6;210,31
20,1;17,8;0,5;214,39
21,2;18;0,5;247,35
23;18,3;0,57;243,02
23,6;14,5;0,51;320,36
26,8;15,3;0,5;335,73
5,1;11,7;0,4;5,88
7,1;11,9;0,4;9,41
8,6;14,5;0,4;11,13
9;14,2;0,4;17,06
10;13,6;0,4;23,52
11,1;10,5;0,29;22,92
11,8;12,5;0,4;30,08
12,8;16,8;0,4;32,79
13,5;15,4;0,4;57,24
13,6;16,3;0,4;40,19
14,1;11,6;0,4;59,43
15,6;8,6;0,4;63,05
15,8;11,7;0,4;86,84
16,7;14,2;0,4;94,04
18;13,8;0,4;101,2
21;16,6;0,4;149,05
22,6;13,1;0,4;159,49
23;12,4;0,4;235,87
24,1;16;0,4;256,61
24,2;13,3;0,4;146,9
26,2;17,2;0,4;264,33
27,7;11,1;0,4;230,15
28,7;14,5;0,4;258,12
31,9;15,9;0,4;408,54
32,9;14,2;0,4;352,05
33,2;17;0,4;466,56
38,2;14,6;0,4;627,41
5,8;9,8;0,32;5,11
6,7;9,9;0,4;7,84
7,1;11;0,34;11,23
8,2;9,1;0,39;17,09
9,7;14,8;0,38;25,11
10,5;11,7;0,44;37,25
11,1;12,5;0,41;34,62
12,5;17,2;0,36;45,93
13,2;15,8;0,41;68,75
14,1;14,7;0,49;59,9
15,2;15,5;0,42;79,38
15,5;14,2;0,48;74,28
17;19,1;0,44;105,56
17,9;15,2;0,48;123,26
19,4;15,6;0,46;155
22;18,2;0,39;215,55
22,3;18,8;0,45;244,23
25,3;17;0,46;243,49
5,4;10;0,67;11,18
6,2;7;0,63;12,79
6,8;10,8;0,74;17,41
8,1;13,7;0,74;29,13
8,4;13,6;0,76;28,7
8,9;12,7;0,69;37,84
9;8;0,73;22,62
9,1;15,3;0,74;42,51
11,3;11,5;0,72;55,99
12,2;11,5;0,72;76,22
6,2;10,2;0,56;10,18
6,3;9,8;0,62;12,84
6,5;11,7;0,53;11,87
6,8;6,6;0,59;10,1
8,3;11,9;0,59;25,53
8,4;13,5;0,54;25,54
9,2;13;0,59;29,06
9,6;14,7;0,58;35,49
10,7;13,5;0,65;39,68
12,9;19;0,64;80,19
13,1;15,7;0,57;60,94
14;10,6;0,6;59,22
14,3;17,3;0,57;86,51
15,3;17,2;0,7;129,87
16,4;20;0,63;134,67
17,3;13,3;0,59;116,54
18,8;13,5;0,61;154,67
19,3;20;0,58;170,44
24,8;14,5;0,65;367,72
5,8;8,8;0,46;8,27
6,6;6,7;0,43;8,94
7,1;6,5;0,49;16,39
8,6;8,7;0,46;19,49
9,4;9,3;0,46;31,95
10,5;13,4;0,48;41,48
11,2;15,7;0,46;50,51
13,2;13,2;0,43;63,1
14,1;13,1;0,57;65,55
14,6;13,4;0,43;73,47
16,2;13,3;0,58;96,81
16,4;19,3;0,45;131,92
18,2;15,6;0,51;141,38
20,5;21,4;0,46;197,98
21,8;20;0,46;276,45
5,6;9,5;0,63;10,34
6,1;11,5;0,46;9,11
6,9;9,2;0,6;14,33
7,3;11,8;0,62;17,44
9,3;15;0,6;43,85
9,7;14,6;0,51;43,09
10,7;13,4;0,47;41,68
11,9;16,1;0,54;54,56
12,5;16;0,66;88,71
13,7;14,6;0,55;68,67
15,4;15,6;0,55;102,27
15,6;16,2;0,6;137,85
19,6;15,2;0,55;189,13
26,4;21,4;0,51;317,92
28,7;20,5;0,51;486,71
10;7;0,61;18,24
56;38;0,63;3650,61
11;6;0,64;44,9
14;19;0,34;48,93
21;19;0,34;190,29
86;43;0,31;9132,65
12;19;0,78;36,97
12;20;0,78;94,7
13;16;0,78;81,73
16;20;0,78;151,14
18;23;0,78;265,3
10;11;0,67;24,3
10;13;0,67;52,24
11;11;0,67;54,67
12;10;0,67;53,46
13;17;0,67;87,48
16;19;0,67;162,8
16;17;0,67;195
17;18;0,67;270,94
19;22;0,67;329,86
19;21;0,67;355,98
21;23;0,67;335,33
29;29;0,67;1258,7
37;30;0,67;1928,74
41;29;0,67;2070,29
44;36;0,67;3081,13
49;36;0,67;2293,84
51;30;0,67;2209,4
25;27;0,67;413,09
48;29;0,67;1993,14
11;13;0,46;12,29
10;7;0,47;25,42
28;19;0,91;633,03
12;16;0,92;103,87
138;49;0,7;18613,22
11;14;0,85;90,12
12;12;0,85;81,38
13;18;0,85;137,2
13;13;0,85;103,57
14;16;0,85;135,18
27;25;0,85;815,77
30;24;0,85;747,18
11;10;0,83;90,19
28;24;0,83;1312,46
60;34;0,52;3204,19
15;16;0,93;149,35
24;19;0,93;544,36
14;12;0,6;85,38
18;18;0,6;247,96
53;23;0,6;1458,49
59;33;0,5;2585
11;8;0,47;23,69
66;41;0,71;9168,95
11;13;0,55;48,28
11;16;0,55;77,82
18;17;0,55;259,02
19;12;0,55;118,72
28;20;0,55;767,4
26;19;0,58;1371,94
28;23;0,57;542,85
10;15;0,82;89,77
18;21;0,82;357,12
30;29;0,82;1287,21
13;14;0,61;74,63
13;13;0,61;74,63
15;20;0,61;122,82
36;29;0,87;2032,54
16;16;0,66;284,75
67;38;0,58;4921,46
10;15;0,53;46,51
10;12;0,53;38,66
10;15;0,53;51,55
11;17;0,53;49,87
18;20;0,53;192,19
40;28;0,55;1483,18
10;14;0,61;35,3
31;24;0,46;699,05
12;16;0,72;95,94
10;6;0,39;13,34
10;11;0,39;35,39
11;14;0,39;40,01
11;10;0,39;56,42
12;13;0,39;54,37
13;9;0,39;31,8
10;15;0,63;52,95
11;16;0,63;46,41
11;14;0,63;55,33
11;12;0,63;70,8
13;13;0,63;70,8
14;17;0,63;147,56
15;16;0,63;132,68
17;20;0,63;171,36
18;17;0,63;154,1
18;19;0,63;201,7
18;16;0,63;234,43
19;18;0,63;219,55
24;19;0,63;505,75
26;18;0,63;689,6
30;23;0,63;659,26
35;20;0,63;1290,55
10;15;0,77;46,37
19;22;0,77;143,6
10;6;0,9;20,65
10;6;0,9;51,63
10;13;0,64;41,91
10;14;0,64;49,69
12;11;0,64;59,87
12;12;0,64;70,65
13;16;0,64;96,99
14;18;0,64;125,73
14;20;0,64;160,46
16;20;0,64;217,93
18;11;0,64;143,09
21;24;0,64;334,68
16;23;0,84;270,09
10;12;0,58;31,2
10;13;0,58;38,72
10;7;0,58;30,05
11;10;0,58;34,09
12;13;0,58;49,12
12;12;0,58;46,81
16;19;0,61;184,07
23;22;0,61;511,64
58;31;0,48;3705,84
41;32;0,64;2108,09
15;19;0,47;138,67
10;12;0,71;23,68
16,9;23,1;0,31;82,5
28,1;26;0,65;668,9
21,1;16,5;0,85;264,4
45,3;27,7;0,85;2375,7
30,2;25,3;0,83;1222,7
31;26,8;0,79;1299,6
13,1;22,2;0,59;84,5
33,5;23,1;0,58;851,4
14;21;0,58;114
9,4;13,4;0,59;27,8
40,3;33,5;0,65;1661,6
55;34,9;0,46;2117,7
8,9;17,3;0,38;22,2
13,3;18,3;0,38;89,3
17;18,9;0,38;112,7
20,4;18,7;0,38;208,6
24,2;21,3;0,66;621,8
38,7;29,2;0,66;2094,9
46,4;30,1;0,6;1737,7
12,8;23;0,46;62,2
23,7;23;0,48;262,2
17,8;18,9;0,52;214,65
19,2;23,8;0,64;258,58
19,7;19,3;0,8;423,93
20,8;20,1;0,76;366,43
22,4;23,8;0,78;595,09
32,1;33;0,65;893,75
38,5;25;0,58;1334
89;40;0,65;8927,94
133,2;44,2;0,56;20578,48
5,2;7,7;0,56;5,84
5,7;9,3;0,56;9,31
6,4;10,9;0,56;12,13
7,2;12,7;0,56;16,53
7,6;12,7;0,56;19,07
8,2;8,4;0,56;15,97
9,2;11,3;0,56;28,88
9,9;11,9;0,56;40,62
11,8;15,4;0,56;68,09
41,3;24,7;0,55;1214,57
5,3;8,3;0,47;7,8
8,7;7,2;0,68;19,32
5;8,2;0,74;8,58
5,5;8,9;0,74;8,98
6,6;9,3;0,74;17,17
6,7;8,8;0,74;14,54
11,8;11,5;0,74;57,43
6,8;10,3;0,68;15,31
7,5;10,3;0,68;20,77
37;24;0,46;660,66
16,6;17,2;0,48;115,57
5,5;8,3;0,54;5,22
5,7;6,9;0,54;6,58
5,8;7,3;0,54;7,5
5,9;10,3;0,54;7,83
5,9;10,2;0,54;9,23
6;11,5;0,54;10,69
6,3;8;0,54;10,61
6,5;6,1;0,54;8,72
9,4;11,3;0,54;26,63
25,5;25,5;0,55;373,7
5,2;6,3;0,77;5,28
7,6;8,3;0,77;19,25
6,3;8,3;0,79;8,19
26,7;18,8;0,51;120,92
5;7,3;0,71;3,67
79,4;35;0,81;10045
9,1;10,2;0,41;15,98
92,5;47,4;0,67;13078,38
100;49,3;0,67;21735,71
113,5;43,3;0,67;27678,53
108;49,1;0,62;17205,9
106;49,7;0,33;9286,84
136;48,5;0,78;51677,27
122;45,9;0,78;36786,2
106,5;49,3;0,78;22657,58
114;48,6;0,78;24727,92
103;49,6;0,78;22208,92
110;42,5;0,57;13524,06
129;48,3;0,57;19776,42
121,7;48,7;0,57;22957,68
103,5;52,6;0,57;22352,72
119,8;52,7;0,57;24377,97
113,5;43,4;0,57;17363,95
100,5;47,4;0,57;14139,64
115,5;48,7;0,57;29190,36
178;52,4;0,57;60541,43
105,2;41,8;0,75;21899,38
107;43,8;0,75;33111,62
94;48;0,75;17897,43
83,8;40,2;0,75;13422,07
96;51,6;0,75;17326,95
67,5;32,6;0,75;7766,14
112,8;47;0,75;30530,99
116,8;49;0,55;18775,29
105,5;48,9;0,55;15120,39
93,8;49,1;0,55;14148,78
110,6;51,9;0,55;19615,31
126;55,6;0,55;26424,13
99;48,4;0,55;12984,67
104;45,6;0,55;12163,97
100,2;49,8;0,55;14163,99
104,5;47,7;0,55;17663,89
97,9;44,6;0,66;13710,62
115,2;42,9;0,41;14435,95
106,2;53,2;0,45;22041,76
111;47,2;0,33;8650,35
112;49,6;0,33;9492,63
105;46,5;0,33;8845,14
143;47,1;0,33;21482,22
157;52,5;0,33;23180,57
144,5;45,3;0,33;11187,52
140;46,6;0,33;17781,48
135,5;46,6;0,33;13555,13
129,2;49,9;0,33;17550,29
170;57,3;0,33;31939,82
107;50,8;0,33;10758,61
154;51,9;0,33;30147,36
88,4;49,5;0,33;6392,31
119,2;46,9;0,33;11988,74
100;45,9;0,33;8582,12
99,8;47,7;0,33;8621,58
100;50,6;0,33;8822,9
96,9;46,4;0,33;6135,58
113,3;51,2;0,33;8758,65
212;52,7;0,33;43623,17
140;52,6;0,33;19511,13
26,2;23,8;0,75;705,6
28,1;22,2;0,75;1013,2
32,4;25,9;0,75;741,6
34;28,8;0,75;890,1
36,5;29,3;0,75;1266
44;39,2;0,75;2832,8
24,4;26,1;0,69;755,5
28;26,1;0,71;1002,6
28,8;26,9;0,71;951,3
36,5;24;0,71;1251,4
47;32,1;0,71;1529
52,2;25,1;0,71;2284,8
54,9;35,9;0,53;1708,34
63,3;34,4;0,41;4122,99
65,8;48;0,36;3442,14
66,2;32,3;0,45;4066,64
73,9;42,7;0,47;4618,8
86,9;38,9;0,43;5830,33
90,7;47,1;0,41;9331,57
91,2;37;0,41;5669,33
109,1;41,7;0,46;9667,69
116,3;46,3;0,46;7070,65
21,7;23,6;0,52;274,23
7,8;10,1;0,48;20,78
22,9;18,5;0,45;240,66
44,7;33,2;0,39;3482,99
49,7;29,3;0,51;1786,53
57,7;31,1;0,43;2681,67
13,6;15,9;0,42;81,66
49,1;32,3;0,4;1870,67
9,1;14,3;0,72;36,65
38,5;27,8;0,72;1589,64
45,6;34,1;0,73;1917,77
67,2;33,2;0,72;3330,03
76,1;32,7;0,75;6433,48
33,4;26,1;0,66;893,78
126,7;35,9;0,73;9704,27
57,9;35,6;0,46;4812,23
92,6;41,1;0,47;6086,63
69,6;31;0,56;5554,7
8,2;14,9;0,44;41,94
17,1;19,8;0,71;212,44
23,1;22,9;0,75;426,54
55,2;30,8;0,59;4544,4
12,9;17,8;0,85;63,3
56,3;32,9;0,49;2167,89
6,7;11;0,3;16,26
10,7;15;0,5;42,45
13,8;18,2;0,42;58,81
26,8;21,3;0,36;333,55
90,7;35;0,47;6148,68
8,1;10,5;0,47;21,13
38,9;25,2;0,45;890,95
59,3;33,1;0,35;2019,98
27,3;22,9;0,32;531,76
18,9;20,3;0,27;218,99
27,6;28,8;0,63;951,33
44,3;25,8;0,69;957,41
59,4;27,3;0,38;3727,6
74,2;39,4;0,48;7660,39
76,7;33,8;0,49;6082,54
82,3;33,6;0,46;7117,01
9,4;16,3;0,63;32,92
11,1;16,5;0,34;45,19
15,9;17,4;0,55;127,79
24,5;18;0,46;258,96
34,3;26;0,42;783,01
42,7;27;0,5;1666,5
5,6;7,9;0,5;9,75
25,1;23,9;0,48;382,72
40,4;27,6;0,41;1524,67
47,7;29;0,4;1640,95
11,1;13,3;0,32;67,32
14,8;17,7;0,31;85,89
17,8;18,8;0,3;121,29
18,8;19,3;0,33;128,44
19,5;18,7;0,25;131,28
22,4;19,2;0,37;153,44
24,3;20,9;0,35;226,7
28,9;21,5;0,32;443,05
29,8;21,8;0,39;391,18
37,5;23;0,34;680,78
38,5;23,4;0,33;717,28
47,8;24,7;0,54;2094,52
25,2;19,3;0,28;454,47
28,2;19,7;0,3;364,78
38,7;21,8;0,34;485,73
40,5;25,1;0,3;458,33
40,8;27;0,33;494,18
52,4;28,3;0,29;1156,23
52,7;26,1;0,34;1333,77
56,1;23,2;0,36;1205,03
57,9;25,3;0,25;1454,18
61,8;26,2;0,29;1409,55
63,1;29,8;0,33;1939,67
63,7;28,2;0,31;1769,64
65,5;30,3;0,36;1745,98
67;29,8;0,3;2327,65
70,3;32,5;0,34;2837,34
70,9;28;0,3;2519,89
49,8;33;0,83;2259,24
15,8;18,2;0,49;141,7
23,8;26,1;0,56;545,36
32,3;33,6;0,53;780,26
37,1;26;0,51;615,81
38,8;24,9;0,53;876,71
50,2;29;0,47;1330,51
68,7;29,8;0,56;5110,31
7,2;11,3;0,35;13,01
10,7;15,5;0,4;32,51
12,5;19,3;0,36;54,39
5,8;11,9;0,4;21,83
6,2;11,9;0,39;16,96
10,7;11,6;0,33;31,13
11,3;13;0,36;45,26
5,7;6,6;0,6;8,12
6,6;9,4;0,57;15,15
9,3;12,9;0,47;50,42
18,6;9,3;0,6;174,05
25,1;20;0,65;495,1
86;29,4;0,58;5533,39
17,3;17,5;0,55;175,66
28,5;21,3;0,51;644,01
36,6;22,3;0,43;899,35
37,9;14,6;0,42;535,31
43,3;28,8;0,53;4666,75
97,1;36,2;0,57;18831,51
111,9;32,4;0,59;11657,6
21,1;17,4;0,55;194,58
31,8;17,8;0,54;414,42
43,5;24,1;0,54;970,48
17,2;28,4;0,78;236,27
23;24,3;0,79;170,95
29;31,4;0,82;954,96
56,5;28,4;0,74;4355,18
73,7;39,5;0,75;5175,71
78;32,3;0,77;7880,89
37,1;20,4;0,73;1463,33
60,8;45,1;0,7;4374,88
62,1;46,4;0,73;5403,71
69,6;45,5;0,74;6686,1
89,8;43,8;0,74;12788,55
6,5;10,7;0,69;20,41
6,8;9,5;0,55;8,33
8,4;12,1;0,58;25,73
8,7;11,9;0,58;27,61
8,7;11,4;0,6;24,06
10;10,9;0,57;28,05
10,9;16,3;0,65;35,23
5;7,5;0,74;9,37
11,8;17,8;0,66;84,91
18;22,5;0,53;153,35
21,9;19;0,53;136,45
21,9;21,9;0,53;187,91
26,4;26,7;0,53;420,71
32,3;32,5;0,53;716,11
36,8;27;0,53;733,28
40,5;27,5;0,53;836,25
47,6;35,2;0,53;1731,78
51,2;34,1;0,53;1671,67
51,4;34,7;0,53;2441,73
54,5;36,5;0,53;2137,32
55,2;35,1;0,53;1940,97
65,8;42;0,53;3287,95
75,5;32,2;0,53;4503,63
76;41,7;0,53;5066,42
79;40,8;0,53;5726,35
81,6;40,1;0,53;5228,81
97,5;36;0,53;5453,61
99,5;49;0,53;8962,32
116;40,5;0,53;13922,08
17,6;18;0,6;131,61
19,5;23,7;0,6;231,23
20,4;17,7;0,6;182,42
29,7;20,2;0,6;438,22
40,4;27,6;0,6;1126,53
44,5;28,3;0,6;1037,83
44,5;28,3;0,6;1230,67
47,2;31;0,6;1516,63
47,3;30;0,6;1470,88
50;27;0,6;1545,38
54,2;30,4;0,6;1937,08
64,8;32,3;0,6;2130,62
66,4;36,9;0,6;3576,06
70,1;29,5;0,6;2427,47
70,4;32,1;0,6;2643,89
70,5;27,2;0,6;2278,7
70,8;34,5;0,6;3101,13
93,9;32,5;0,6;5615,16
97,3;31,3;0,6;4386,58
112,4;37;0,6;5848,68
115;33,3;0,6;7915,57
7,5;14,1;0,72;21,85
8,2;10,6;0,72;26,95
8,5;12,9;0,72;17,91
9,6;14,4;0,72;42,17
12,5;15,3;0,72;66,31
16,2;16,9;0,72;99,14
17,3;18,5;0,72;121,02
17,6;17,5;0,72;112,39
19,1;21;0,72;175,41
24,2;22,6;0,72;350,36
27,5;23,6;0,72;398,96
28,2;22,2;0,72;455,05
31,6;18,1;0,72;464,26
32,2;17,2;0,72;299,78
32,2;24,5;0,72;577,64
32,2;24,3;0,72;695,51
32,8;21,6;0,72;460,88
12,2;13,9;0,41;44,18
14,9;17,1;0,41;62,58
16,2;17,3;0,41;85,77
21,2;18,6;0,41;210,58
21,6;21;0,41;197,58
21,6;24,7;0,41;339,99
27,7;22,9;0,41;406,63
32;26,9;0,41;444,08
34,9;34,3;0,41;905,45
35,3;30,7;0,41;740,11
35,9;32;0,41;705,65
41;31;0,41;731,06
44,2;32,9;0,41;1310,42
44,5;33;0,41;1374,22
45,3;35;0,41;1528,54
50,1;40;0,41;1913,55
50,4;32,8;0,41;2172,58
58,2;30,4;0,41;1915,42
18,4;19;0,41;104,61
19,1;18,2;0,41;129,11
21,7;18,9;0,41;150,12
24,9;19,4;0,41;199,57
26,5;18;0,41;223,47
36,3;24,1;0,41;593,52
38,5;22,7;0,41;910,69
38,8;25,3;0,41;648,89
47;25,9;0,41;974,02
51,4;36,1;0,41;1433,8
52,9;30,3;0,41;1277,62
55,2;31,9;0,41;1873,1
63,7;34,6;0,41;3172,89
66,6;33,5;0,41;2121,08
72;31,4;0,41;3392,88
73;34,4;0,41;3093,4
74,3;33,9;0,41;3204,9
80;36;0,41;3976,15
87,5;37;0,41;4976,31
88;44,7;0,41;4884,07
93,2;40,1;0,41;6976,79
8,8;9;0,58;13,51
8,9;14,8;0,68;23,12
8;11,9;0,56;17,9
5,4;8,9;0,82;9,12
6,1;9;0,82;11,82
15;17,8;0,82;167,17
6,4;12,8;0,7;11,79
58,9;33;0,58;6082,91
5,4;5,6;0,62;2,16
10,4;14,7;0,64;50,69
10,5;16,8;0,51;25,82
21,3;24,8;0,52;245,89
26,1;28,3;0,44;340,17
117,8;38,5;0,4;11372,7
14,3;17;0,69;73,81
5,1;7;0,69;5,01
5,4;7,7;0,69;6,66
5,1;7,4;0,62;6,16
5,9;7,6;0,61;7,85
7,3;11,1;0,62;16,71
8,9;9;0,68;38,17
14,6;17,1;0,64;95,27
18,1;22,3;0,25;83,53
11,5;16,2;0,75;62,54
16,6;22,3;0,63;216,41
9,7;10,6;0,56;21,06
11,9;17,1;0,65;51,26
15;17,2;0,77;118,53
15;12,3;0,75;89,96
28;24;0,46;284,68
21;18,5;0,52;187,67
8,4;11;0,62;15,11
9,4;12,8;0,52;14,66
49,3;47;0,52;2449,17
44,6;40;0,64;2436,11
50;35;0,65;2946,3
10,2;12,4;0,25;11,45
18,5;20,7;0,7;240,84
29,3;26,6;0,77;909,09
34,4;25,4;0,65;954,03
5,1;7;0,74;4,16
7,7;6,2;0,56;10,17
9,1;11,8;0,64;25,75
14,6;17;0,73;107,6
17,2;20,4;0,73;240,97
44,3;31;0,64;1736,3
5,2;8,8;0,68;8,17
5,4;7;0,68;8,89
6,1;9,5;0,68;7,3
16,1;20;0,62;127,25
19,3;15,4;0,68;97,15
70;38,7;0,68;8243,88
8,1;10,2;0,68;20,51
12,1;16,6;0,59;67,13
27,9;29,6;0,69;654,53
5;10,2;0,74;7,1
5;10,5;0,74;6,93
5,1;9;0,74;5,38
5,1;9,1;0,74;5,55
5,4;6;0,74;4,66
5,4;9;0,74;7,5
5,7;8,4;0,74;7,26
6,1;12,4;0,59;9,04
6,1;10,2;0,74;9,75
6,3;9,5;0,74;3,79
7,3;9,8;0,65;9,64
7,6;9,9;0,74;13,17
7,6;6,7;0,74;10,28
8,3;12,7;0,65;18,25
8,4;14,4;0,63;32,49
10,5;10,8;0,74;49,57
11,3;15,3;0,74;50,99
11,5;13,9;0,73;47,24
13,1;18;0,65;98,51
15,4;16,1;0,69;102,15
16,6;15,5;0,65;130,13
19,6;19,7;0,74;379,86
22,3;27,8;0,74;422,54
27,4;26,9;0,74;849,95
27,7;25,3;0,69;818,61
29,8;24,8;0,74;694,59
35;20,4;0,67;866,76
35;28;0,74;1657,59
10,8;15,5;0,72;65,46
5,7;5,6;0,75;8,08
6,2;13,2;0,75;14,07
7,6;8,2;0,65;9,42
6,9;6,1;0,61;7
5;8;0,61;4,36
5,1;7,2;0,71;3,87
12,7;14,8;0,66;84,34
12,1;15,6;0,63;64,32
15,6;17,5;0,66;89,54
6,2;6,8;0,65;10,93
7,2;6,1;0,65;10,24
7,8;11,6;0,65;18,67
12,4;12,7;0,69;53,74
13,7;18,6;0,48;49,29
15,3;16;0,53;52,84
38,8;27,8;0,47;692,39
47,8;27,5;0,5;1167,64
9,2;11,3;0,71;33,09
14;14,4;0,7;77,25
17,5;15,8;0,64;135,94
23,2;17;0,6;316,53
13;17,2;0,58;73,79
8,3;13,1;0,32;12,17
15;18,2;0,54;96,7
19,6;16,5;0,47;154,43
21,2;19,6;0,51;194,39
23,6;24,2;0,51;311,78
25,5;26;0,57;332,59
35,3;22,4;0,52;645,12
19,7;23,6;0,63;219,76
7,2;10,5;0,35;7,25
5,6;7,4;0,48;11,51
7,6;11,9;0,57;16,34
7,6;10,3;0,48;16,16
8,9;10,6;0,56;14,92
8;11,7;0,68;19,64
43;30;0,6;1506,19
29,6;24;0,68;759,63
5,6;10;0,69;9,55
6,1;7,8;0,69;9,89
7;6,9;0,69;7,69
9,7;12,7;0,69;37,48
11,6;18,4;0,69;71,47
13,2;15;0,69;90,66
15,4;19;0,44;57,49
17,2;20,8;0,73;174,46
18;22;0,69;251,57
28;25,4;0,6;568,79
23,9;24,7;0,55;312,57
15;18,2;0,74;123,99
11,3;16,5;0,7;51,93
11,5;16,5;0,7;71,78
29,6;24,5;0,7;603,65
5;7,4;0,62;6,51
5;9,5;0,62;8,08
12,1;18,3;0,74;76,48
5,6;9,4;0,74;6,91
6,5;10,5;0,74;12,07
7,6;6,9;0,6;11,3
8,1;8,5;0,74;12,55
8,5;11,2;0,74;28,63
9,6;12,4;0,73;36,34
10,8;12;0,74;28,77
18,9;21,2;0,74;178,72
24,4;25;0,7;471,24
28;30,5;0,74;1013,82
5,3;9,6;0,66;8,36
5,9;6,2;0,66;5,15
6,5;11,9;0,66;12,02
6,8;10,8;0,66;12,5
54,1;20;0,63;4154,76
11,1;16,1;0,62;19,3
12,7;16,2;0,6;56,47
44,6;33;0,68;1363,63
5,1;9,2;0,82;5,87
5;8;0,58;6,96
5,1;7,6;0,62;7,09
5,2;12,2;0,78;12,46
5,2;7,1;0,62;4,17
5,2;7,4;0,52;4,53
5,3;9;0,72;6,77
5,3;8,6;0,52;5,16
5,5;10,8;0,62;14,05
5,6;10,4;0,62;9,01
5,7;9,4;0,62;5,03
5,7;10;0,43;3,96
5,7;5,8;0,62;4,44
5,9;9,5;0,72;6,65
6;7,2;0,62;4,77
6;7,8;0,62;6,57
6,1;8,4;0,62;3,2
6,1;8,4;0,58;8,77
6,2;6,2;0,62;5,51
6,2;4,5;0,52;4,38
6,4;7,9;0,62;7,4
6,4;9,5;0,72;13,41
6,7;12;0,72;13,36
6,7;10,5;0,65;10,82
7;10;0,58;9,87
7;10,6;0,71;17,04
7,1;9,4;0,62;11,98
7,3;12,4;0,58;22,72
7,5;12;0,72;14,88
8,2;11,4;0,61;16,25
8,4;10;0,5;14,53
8,9;12,6;0,65;23,6
8,9;10,2;0,72;26,92
9,1;13,8;0,68;30,04
9,2;13,2;0,51;13,11
9,2;15;0,71;38,27
9,6;11,9;0,58;21,87
10,2;12,1;0,52;34,81
10,2;16,9;0,61;36,21
10,5;10,2;0,61;18,13
10,5;11,5;0,59;37,39
10,7;18,2;0,7;61,66
10,8;13,7;0,52;30,7
10,8;16,5;0,62;51,06
11,1;12,9;0,67;28,75
11,1;16,3;0,6;36,22
11,3;15,5;0,52;44,82
11,5;10,6;0,8;44,26
11,5;15,3;0,58;52,04
11,8;19,1;0,66;53,13
12,1;15,5;0,53;45,58
12,7;19,2;0,72;64,7
13;18,1;0,53;80,23
13,1;13,5;0,62;23,44
13,1;12,5;0,7;77,29
13,7;13,8;0,62;45,34
13,7;16,8;0,6;67,58
13,9;14,4;0,61;56,6
14;17,1;0,61;110
14,3;24,1;0,74;240,21
15;19,5;0,62;54,95
17,2;15,3;0,62;90,76
17,2;18,4;0,67;247,26
17,5;22,5;0,62;287,85
17,8;17,8;0,45;67,9
17,8;21,1;0,55;102,28
18,5;22;0,57;139,64
19,4;20,6;0,63;231,85
19,7;25,1;0,69;213,89
21,7;24,5;0,7;274,99
22;21;0,74;353,35
22;24,4;0,62;358,83
23,6;19,5;0,63;271,3
23,6;25,6;0,81;525,64
23,9;19;0,61;292,36
31,8;23,6;0,54;893,44
38,2;29,4;0,62;697,72
42,7;34;0,42;1469,49
52,2;31,2;0,72;3299,79
95,5;37;0,55;8417,78
6,4;8,7;0,46;6,58
13,2;20,2;0,64;97,39
14,3;16;0,46;43,78
5,1;7,5;0,76;6
6,7;6,8;0,76;13,27
8,6;10,6;0,6;24,1
10,2;8,9;0,68;31,41
12,1;15,6;0,69;66,13
12,7;14,3;0,57;53,97
5,3;12,5;0,62;11
15,6;17;0,8;143,54
75,1;39,4;0,74;12607,83
85,9;45;0,74;19288,46
6,5;8,4;0,57;8,44
7,3;6,2;0,57;9,43
8,3;7,3;0,61;15,68
11,8;9,4;0,52;24,13
20,7;18,2;0,29;112,23
8,9;13,8;0,54;28,97
10,2;14,8;0,51;21,02
10,8;14,3;0,53;36,21
14;15,8;0,56;59,32
15,9;21,8;0,59;96,36
6,1;10,3;0,62;8,09
6,8;11,5;0,48;10,01
6,1;12,4;0,56;12,53
18,1;21,5;0,53;151,11
5,2;7,1;0,62;4,22
9,1;14,5;0,38;42,17
5,7;10,7;0,73;7,39
7,3;12,6;0,73;12,89
21,3;19;0,73;193,82
5,1;7,4;0,73;5,75
11,1;17;0,63;46,18
5,1;4,9;0,63;2,92
5,1;5,4;0,63;6,42
5,4;3,1;0,63;3,18
5,7;6,2;0,63;4,73
6,1;12,4;0,63;12,7
6,6;7,7;0,63;8,65
6,7;8,2;0,63;11,31
9,6;11,7;0,62;45,95
78,5;32;0,74;5931,03
5,1;10;0,59;3,86
5,1;7,2;0,59;5,91
5,7;7,3;0,59;6,33
6,2;7,3;0,59;7,47
6,4;9,5;0,59;3,85
7;9,5;0,59;4,38
7;10,5;0,69;14,27
7;10,4;0,59;15,01
7,1;10,4;0,59;16,49
7,3;8,6;0,59;13,27
7,6;11;0,59;15,4
7,6;9,7;0,59;21,81
8;11;0,59;19,96
8,3;11,5;0,59;32,8
8,3;11,5;0,59;34,78
8,4;11,1;0,59;7,97
8,4;10,5;0,59;18,65
8,6;11,7;0,59;26,21
8,9;12,2;0,59;27,64
9,2;14,4;0,59;29,83
9,2;11,7;0,59;25,23
9,6;13,8;0,59;25,11
10,2;10,5;0,59;10,88
10,2;12,9;0,59;38,64
10,5;14,5;0,59;43,03
10,8;17,2;0,59;42,72
10,8;10,8;0,59;30,08
11,1;13,5;0,59;56,29
11,9;7,6;0,59;16,66
12,7;12,3;0,59;56,47
13,7;13,8;0,59;47,95
14,3;14,5;0,59;111
10,8;16,5;0,49;28,25
6,8;10;0,5;5,96
10,2;13,5;0,65;54,25
12,7;16,5;0,58;52,65
17,8;16,5;0,57;90,11
6,4;10,9;0,62;13,97
5,1;9,2;0,74;6,82
13,7;15,1;0,74;68,78
13,1;17;0,57;62,19
8,6;9;0,5;14,38
6,8;7,5;0,6;10,55
9,6;12,8;0,66;36,28
20,7;25;0,56;178,14
23,6;20,8;0,6;250,26
17,5;15,9;0,73;195,31
11,4;9,5;0,49;31,81
5,6;12,1;0,71;7,63
5,9;8,5;0,82;3,12
7,6;15,5;0,39;16,19
6,4;11,4;0,7;8,02
5,2;9,4;0,7;7,74
25,5;27;0,71;468,06
64,6;38;0,48;3417,6
24,8;19,2;0,49;199,93
5,1;8,2;0,58;7,61
7,3;10,3;0,71;22,57
18,1;21;0,65;172,43
7,5;9,9;0,54;13,95
12,1;20;0,51;33,41
16,2;18,3;0,58;137,65
57,3;36,5;0,74;3999,49
9,6;10,5;0,39;17,54
14,6;20,4;0,38;52,12
19,1;22;0,46;105,65
33,7;28,2;0,45;696,82
7;12,1;0,62;9,01
11,9;13,7;0,44;33,93
11,1;14,4;0,59;40,09
27,4;25,5;0,6;663,99
25,5;28,5;0,4;227,77
5,7;7,8;0,71;5,77
7,6;9,5;0,71;8,33
10,5;15,4;0,68;32,27
14,3;17,6;0,71;113,89
18,8;22;0,63;157,33
23,1;28,1;0,61;323,11
35;30;0,71;979,84
11,8;12,5;0,61;40,72
12,7;16,9;0,92;98,49
13,4;19;0,66;118,11
13,7;16,9;0,72;115,97
15,3;12,4;0,46;45,98
18,5;23;0,76;242,87
18,5;17;0,72;283,39
20,1;18;0,61;148,44
20,1;18,9;0,72;211,11
20,4;17;0,66;339,56
20,5;16,6;0,66;185,66
20,7;22;0,76;324,25
21,7;21,9;0,8;187,06
25;26,7;0,8;315,75
25,5;21,9;0,72;730,11
28,3;27,8;0,92;836,09
28,3;25,2;0,57;542,35
28,7;28,2;0,5;1087,22
29,9;26,8;0,61;421,61
30,2;21,5;0,57;700,9
30,6;17,2;0,46;235,16
31,8;27;0,66;705,52
35;22;0,66;506,07
35,8;26,2;0,61;657,75
36;18,1;0,46;618,87
37,2;27,7;0,92;1434,88
38,2;28,6;0,57;1257,93
38,2;40;0,66;1881,63
38,5;27,1;0,5;626,57
38,8;25,6;0,76;1497,26
39,7;33,2;0,5;830,14
41,4;30,5;0,72;1483,92
41,4;36,3;0,8;2272,15
43,9;25,3;0,57;1011,08
44,1;31,6;0,66;1612,76
44,6;37,4;0,92;2610,74
45,5;34,1;0,76;2703,86
45,5;20;0,46;592,28
46,2;30,2;0,72;1855,99
48,4;39,4;0,66;2436,77
48,7;35,3;0,76;2406,68
49,7;40,1;0,8;3296,42
49,7;29,5;0,61;2316,54
50;32,8;0,5;1500,51
50,1;40,1;0,92;4342,12
50,9;27,4;0,92;1894,14
50,9;20,8;0,57;904,7
51,2;33;0,5;1664,22
51,7;33,6;0,76;3415,72
54,1;33,8;0,66;2689,05
54,5;33,4;0,61;2264,64
55,6;26,8;0,46;1373,76
56;37,1;0,8;3649,78
57;36;0,76;4129,12
59,8;37,7;0,8;3957,26
60,5;43,1;0,66;4284,4
60,5;38;0,66;4427,85
62,2;38,2;0,5;3054,39
66,9;50,7;0,46;3476,18
68,8;31,1;0,72;5557,52
70,2;33,9;0,76;6105,18
71;38,8;0,76;17072,68
71,9;36,6;0,61;3100,09
71,9;35,8;0,72;4006,01
72,3;43,8;0,5;3670,71
72,9;47,4;0,8;5650,48
74,1;31,4;0,57;4548,09
75,4;33,7;0,66;5528,51
76,1;42,9;0,66;6099,25
76,4;43;0,46;3406,91
76,4;40,3;0,61;5113,52
77,4;41,5;0,66;6778,92
79,1;41,7;0,92;14756,28
79,5;38,5;0,76;6925,19
79,6;43,7;0,8;4388,14
79,9;31,8;0,57;2540,93
79,9;39,1;0,72;6887,79
80,1;44,9;0,61;8440,24
80,5;41,4;0,66;7245,16
80,5;44,8;0,8;6375,64
82,4;39,6;0,92;11249,67
83,4;41;0,46;5705,91
85,3;45,1;0,5;5295,96
85,8;42,1;0,5;2967,47
85,9;37;0,92;10293,8
85,9;31,3;0,57;5152,21
86,1;45,9;0,66;11174,04
88;40,4;0,5;5497,54
88,3;42,7;0,92;11631,97
90,4;44,8;0,46;3614,9
91;35,5;0,72;10176,71
91,4;30,3;0,57;6189,17
92,6;40,1;0,72;8784,62
93,8;31,3;0,57;5130,72
98,7;44,7;0,66;14374,99
98,7;42,7;0,46;7795,79
101,9;47,2;0,8;11525,84
104,2;46;0,66;12225,38
104,9;43,5;0,61;6685,88
107;39,3;0,66;7130,94
109,4;30,3;0,57;5129,13
83,6;40;0,67;9200
65;32,5;0,62;2990
20,5;21,2;0,23;100
29,5;22,5;0,27;300
35,5;12;0,26;390
132;45;0,54;15380
170;51;0,26;17050
23,6;23,4;0,56;380
9;9,3;0,42;60
98;43,7;0,65;12070
13,2;15,7;0,65;170
12,8;13;0,62;90
71,5;45,5;0,5;5100
6,5;8,1;0,78;10
7,3;5,1;0,58;20
12,4;12;0,62;70
31;22;0,61;840
32,5;27,5;0,61;700
48,1;35,6;0,61;2330
56,5;35,1;0,6;3300
62;40,4;0,6;4150
71,9;42,3;0,6;5930
83;39,4;0,6;7160
100;50,5;0,58;18610
105;50,5;0,58;20770
94,6;50,5;0,5;8630
110;58,8;0,4;11500
112;40;0,47;10830
24,3;30,2;0,69;510
70;39,7;0,58;6320
89;50;0,57;8900
90;50,5;0,57;12340
7,6;11,3;0,66;60
26,5;26;0,73;790
12;17;0,78;130
73,5;45;0,66;7360
80,5;50,7;0,66;8130
93;45;0,66;11730
180;61;0,62;70250
23,2;9,5;0,78;343,1
23,5;10;0,78;446,7
23,8;10,5;0,78;243,3
24,2;10,5;0,78;367,5
31,8;15,5;0,78;454,4
10,8;8;0,41;31,8
18,7;9;0,41;94
21,6;9,5;0,41;194,6
29,2;11,5;0,41;418,3
29,9;12;0,41;228,1
30,2;13;0,41;381,8
19,4;8,5;0,71;114,9
12,4;6;0,77;64,1
14,6;7;0,64;51,2
15,2;5,5;0,73;52,7
17,1;6;0,73;28
18,4;6,5;0,73;71,6
23,2;11,5;0,73;205,6
29,6;13,5;0,73;417,7
30,2;14,5;0,73;398,5
34,7;17;0,73;554,8
17,1;8,5;0,73;81,8
34;13;0,73;709,7
5;5,2;0,84;7,14
19,2;11,1;0,81;98,33
22,5;8,3;0,81;88,67
13,4;12,5;0,81;45,3
22,3;8,5;0,81;152,34
21,1;8,7;0,81;104,51
5,7;7,1;0,79;15,17
11,2;8,1;0,79;44,45
9,5;5;0,79;14,43
22,6;6,5;0,3;137,37
7,1;6,4;0,78;14,93
5,3;5,4;0,78;7,92
9,2;5,4;0,78;13,49
22,9;10,4;0,98;256,31
14,5;7,9;0,98;86,57
6,7;6,3;0,64;12,95
6,2;6,6;0,64;10,48
5,4;5,9;0,64;4,66
27,5;8,6;0,64;58,96
7,4;5,8;0,81;11,34
21,7;9,5;0,64;85,19
21,9;9,8;0,64;93,7
23,9;6,5;0,64;46,87
28,3;9,7;0,64;185,22
22,4;12,2;0,64;151,65
31,2;10,5;0,64;238,98
15,9;7,2;0,64;41,96
35,5;11,1;0,64;213,27
20,7;7,8;0,64;70,17
18,2;7,9;0,64;63,3
9,6;4,9;0,64;21,08
19,1;8,6;0,64;84,72
25,2;8,6;0,64;138,38
19,4;8;0,64;130,15
38,3;10;0,64;231,76
19,7;9,5;0,64;142,4
13,8;8,9;0,64;60,87
44,9;10;0,64;147,15
8,9;7,5;0,64;20,51
15,3;10;0,64;93,81
19,1;10,6;1,2;135,28
8,3;5,9;0,61;13,24
12;8,6;0,79;31,06
5,4;6,7;0,79;5,53
13,8;9,8;0,79;35,75
17;3,5;0,68;28,22
16;9,7;0,76;61,72
11,8;10,2;0,76;43,98
8,9;9,2;0,76;23,55
8,8;6,3;0,79;24,53
6,7;7,1;0,71;16,2
14,2;8,6;0,63;72,91
10,2;9,3;0,8;49,42
7,2;8,5;0,8;19,72
8;9,4;0,85;20,12
8,8;8,8;0,85;20,33
5,7;6,3;0,85;7,53
19,7;9;0,59;96,48
10;6,9;0,59;12,28
16,1;8,5;0,84;34,11
5,7;8,3;0,84;9,73
5,1;6,2;0,84;9,23
6,4;5,9;0,84;5,76
16,8;9,8;0,59;66,75
12,7;9,9;0,59;52,89
7,5;6,3;0,59;11,22
5,4;8,9;0,64;11,36
5,4;7,1;0,64;9,35
38;14,6;0,49;285,35
5,7;5,5;0,48;11,26
6,7;7,4;0,34;4,62
17,2;9;0,34;39,27
6,1;5,6;0,22;4,68
5,6;4;0,22;2,33
10,8;7,4;0,22;21,48
8,4;3,5;0,22;5,67
8;5;0,22;6,43
5,4;4,7;0,22;4,08
5,6;3,6;0,22;2,64
23,5;4,5;0,22;63,9
8,3;4,8;0,22;6,29
8;8,1;0,8;22,55
6,7;7,5;0,8;14,85
31,7;10;0,8;375,22
7,6;7,4;0,8;13,36
10,5;9,1;0,8;32,92
9,2;9,7;0,8;28,02
6,1;7,6;0,8;6,42
14,1;9,6;0,81;94,04
19,4;13,8;0,81;164,41
12,6;8,7;0,81;50,55
9,6;8,2;0,65;30,03
7,3;7,5;0,65;15,26
7,4;7,1;0,6;8,64
8,9;6,8;0,6;16,41
5,4;5,8;0,6;4,79
13;8;0,6;44,02
9;9,7;0,6;22,9
14,1;4,5;0,56;48,97
8,9;9,3;0,77;27,84
6,4;4,7;0,27;2,87
12;6,5;0,81;20,57
6,8;7,1;0,81;5,77
21,4;10,4;0,81;100,89
7,5;6,9;0,59;11,39
12,8;8,6;0,81;38,9
11,7;9;0,81;46,6
10,6;8,2;0,81;40,31
10,2;8,9;0,81;36,33
12,4;5;0,81;39,06
10,4;8;0,81;43,79
7,6;6;0,81;12,34
12,7;6;0,81;40,33
9,7;4;0,81;13,95
8,7;7,7;0,81;20,55
7,4;7,6;0,81;15,57
8,3;6;0,81;26,9
7,6;4,5;0,81;17,19
5,7;5,5;0,69;5,28
7,7;4,5;0,69;7,19
9,5;5,5;0,69;19,41
6,2;4,5;0,69;7,6
7,8;8;0,57;4,25
9,9;6,7;0,73;57,87
75,2;50,5;0,37;8340,57
21,7;21,1;0,62;391,22
38;34,9;0,43;878,18
77,6;48,1;0,54;5302,59
21;22,5;0,64;380,62
71,3;46,2;0,38;4640,01
73;45,8;0,49;3534,84
19,2;20,8;0,55;233,12
42;37,2;0,48;1928,37
40;40,4;0,6;1189,05
38;34,4;0,44;1458,6
43,6;39,2;0,56;2080,28
76,5;46;0,66;6100,94
46,2;32,6;0,36;2537,03
24,8;21,6;0,72;337,9
25;28,1;0,62;486
20,2;22,2;0,52;259,33
39;32;0,69;839,27
20,9;25,1;0,44;298,67
24,6;20,1;0,36;328,74
38,8;33,7;0,36;1410,29
23,4;20;0,51;325,98
40,4;30,9;0,5;1094,78
5,4;8,6;0,59;9,76
6;8,9;0,59;13,85
6,4;12,4;0,59;20,87
5;10;0,32;7,69
25,4;24,4;0,5;477,72
11,4;13,7;0,34;22,18
25,3;26,1;0,55;550,39
8,3;12,7;0,65;34,44
5,6;9,1;0,64;10,69
16,3;20;0,34;165,77
19;18;0,54;177,66
25;27,7;0,55;485,49
7,1;5;0,36;7,56
7,7;7,2;0,49;12,18
5,1;9,6;0,6;7,59
13,5;20;0,39;138,39
14,8;25;0,72;219,88
26,3;33,5;0,58;518,87
64,1;43,5;0,66;7403,34
22,6;24,7;0,65;443,45
15;16,7;0,58;114,86
127;46,5;0,8;24233,2
30,1;31,9;0,5;841,28
5;9,7;0,73;9,32
36;27;0,65;1108,22
20,2;24,6;0,49;277,29
6,8;11,2;0,69;23,73
6,9;12,7;0,69;27,65
11,9;16,3;0,79;107,04
15,3;17,2;0,39;74,63
46,5;37,2;0,57;2234,63
48,1;38,3;0,57;2353,01
53,4;40,7;0,62;3760,69
64,3;42,5;0,59;4749,16
20,8;23,4;0,51;192,14
8,4;9,5;0,36;12,78
22,9;26,8;0,36;239,67
5,2;9,6;0,57;8,68
5;9,5;0,39;5,09
5,1;8,9;0,71;9,54
6,2;10,3;0,72;16,12
10,4;13;0,45;35,19
7,1;13,4;0,71;20,32
5,7;10,5;0,62;11,97
7,5;12,7;0,62;25,86
5,9;9,1;0,61;11,2
12,2;17,6;0,57;77,37
12,2;14,8;0,45;45,61
19;16,2;0,54;161,88
5,6;8,1;0,46;6,07
9;10;0,52;34,07
11,6;12,3;0,53;67,42
22,1;19,3;0,55;317,03
9,8;15;0,62;50,8
5,3;10;0,31;5,8
5,6;8,8;0,42;6,45
12,2;18,6;0,52;75,32
29,5;30;0,47;980,54
5,5;10,3;0,49;9,4
130,5;70,7;0,81;42823,6
5,1;9,7;0,4;6,02
58,6;42,1;0,34;2236,89
5,8;7,7;0,64;9,08
5,3;7,4;0,32;3,63
25,6;28,9;0,71;626,82
5,4;10,3;0,67;13,31
10,5;11,6;0,56;38,84
12,8;12,5;0,61;82,35
13,7;15,9;0,63;117,25
26,9;23,9;0,64;551,95
28,7;22,9;0,64;978,62
7,5;12,2;0,57;29,36
7,6;16,2;0,57;38,38
27,7;23,6;0,57;536,64
55,5;41,2;0,41;3551,82
32,7;29,5;0,62;1118,71
46,9;31,1;0,71;1801,3
10,5;13;0,58;50,01
41;33,8;0,58;1755,29
63,5;36,1;0,48;4611,33
18,7;19,4;0,56;239,77
25;25,3;0,56;541,88
46,2;30,6;0,82;2929,11
21,8;20,2;0,7;254,18
42,1;27,9;0,71;1743,91
10,7;14;0,73;75,42
57,1;38,8;0,69;2773,13
11,9;17,4;0,53;63,48
24,4;23;0,53;424,63
25,5;20;0,53;344,64
67,7;43,5;0,72;6270,05
48,5;28,5;0,67;1663,49
32,2;27,7;0,52;780,83
6;11,1;0,68;19,09
22,9;21,2;0,68;376,65
68,9;35,1;0,51;3546,68
36,2;30,5;0,54;1131,19
53;31;0,53;2583,27
37;36,3;0,5;1368,72
45;37;0,5;1785,34
43,4;28,5;0,57;1411,9
51;27,9;0,52;3107,12
32,9;30,5;0,61;1101,95
34;24;0,61;1342,46
14,5;18;0,65;165,01
15,2;19,8;0,65;282,06
36,3;25;0,65;989,09
11,8;17,2;0,7;100,67
15;17,7;0,7;154,99
26,7;25,9;0,46;426,86
35,3;33,3;0,27;482,5
36;39,5;0,31;600,34
36,9;22,4;0,37;588,63
41,1;33,6;0,47;1199,52
41,4;31,7;0,33;841,37
43,3;39,4;0,34;1311,07
43,9;42,4;0,53;1660,94
48,4;38,7;0,35;1364,08
49,7;38,5;0,52;2017,15
50,9;41;0,49;2525,83
53,2;37,9;0,6;1842,42
58,9;38,5;0,54;3360,43
61,1;43,6;0,48;3482,77
62,1;44,3;0,5;5005,98
63;48,5;0,63;5389,28
63;44,5;0,74;6905,36
63,7;34,1;0,5;3657,71
64,6;47,1;0,66;5244,7
69,1;50,4;0,59;6244,81
69,1;49,4;0,51;6649,93
73,8;50,9;0,51;7145,79
75,1;46,3;0,52;5426,59
82,8;48,8;0,45;4979,74
84,4;52;0,47;8987,92
8,3;12,1;0,7;67,29
8,7;9;0,77;77,37
9;6,6;0,76;48,93
9,3;14,4;0,76;56,13
9,6;11,6;0,7;95,01
9,6;14,6;0,78;94,65
10;14;0,7;127,69
10,1;13,4;0,78;90,17
10,4;13;0,7;125,94
11;11,6;0,76;63,91
11;14,6;0,78;119,08
11,1;9,4;0,77;98,31
11,2;14,2;0,78;150,4
11,5;14,7;0,78;132,11
12,2;13,8;0,7;164,05
12,4;12;0,85;125,43
12,4;11,8;0,78;111,38
12,4;16,4;0,78;139,12
12,6;15;0,77;154,14
13,1;11,6;0,77;139,26
13,2;18,5;0,49;137,32
13,2;13,6;0,77;109,29
13,3;15,9;0,77;152,11
13,3;18,7;0,77;208,13
13,4;10,2;0,77;130,49
13,4;15,8;0,77;215,57
13,4;11,9;0,78;155,63
13,5;16,2;0,49;93,82
13,5;15,4;0,76;160,47
13,6;17,9;0,76;146,21
13,6;11,9;0,77;199,29
13,8;14,6;0,7;212,18
13,8;13,1;0,76;174,66
13,8;12;0,77;195,05
14;14,8;0,7;223,97
14,1;16,4;0,76;155,56
14,1;13,6;0,78;206,61
14,3;9,8;0,76;174,74
14,5;18,6;0,7;279,97
14,8;13,1;0,77;173,83
14,9;15,3;0,76;167,39
14,9;8;0,77;152,65
14,9;15,3;0,77;182
15;15,1;0,7;311,03
15;8,8;0,76;113,94
15,5;20,7;0,49;186,95
15,7;14,7;0,77;259,84
15,8;16,9;0,7;254,86
16;19,6;0,7;318,48
16,2;16,4;0,77;280,1
16,5;14,9;0,77;290,58
16,8;16,9;0,7;346,39
16,8;17,5;0,76;319,22
16,8;12,1;0,78;177,65
16,9;17;0,75;346,32
17,2;18,9;0,76;240,92
17,5;14,8;0,78;220,86
17,6;19,5;0,75;391,44
17,9;16,5;0,98;306,91
18;16,8;0,7;326,84
18,1;15;0,98;307,89
18,3;15,5;0,53;272,78
18,4;19,8;0,78;293,66
18,6;20;0,7;204,65
18,6;18,4;0,78;339,24
19;13;0,76;236,31
19,2;18,7;0,76;305,91
19,4;15,2;0,78;334,74
19,7;19;0,75;398,91
19,8;19;0,75;351,15
20;15,5;0,85;333,69
20,2;22,7;0,49;356,97
20,4;19,9;0,7;495,05
20,4;17,9;0,76;499,18
20,4;17,9;0,78;364,23
20,7;17;0,7;457,77
20,7;18;0,86;408
20,7;19,8;0,76;388,91
20,7;21,9;0,76;454,88
20,9;18;0,86;416,1
21,1;19;0,7;507,51
21,1;19,6;0,78;433,07
21,4;20,4;0,7;603,46
21,5;21,8;0,75;573,42
21,5;24,6;0,86;489,78
21,6;15,1;0,77;380,04
21,7;23;0,49;374,04
21,8;22;0,89;640,47
22,1;18,5;0,53;462,35
22,6;20,6;0,78;600,67
22,9;19,2;0,76;466,17
23,4;20,5;0,86;653,2
23,4;21,4;0,78;630,97
23,6;21;0,75;670,98
23,6;16,5;0,89;755,92
23,8;24,5;0,53;414,76
23,9;19,8;0,85;550,4
24;18,9;0,76;529,37
24;20,5;0,89;753,15
24,5;22;0,89;880,94
24,6;17,5;0,85;806,66
24,7;27;0,86;782,61
24,7;23,5;0,53;335,52
24,7;20,5;0,98;683,19
25,3;17;0,89;806,47
25,3;18;0,89;843,23
25,3;20,5;0,89;1021,63
25,4;19;0,53;446,69
25,5;23,4;0,75;1299,78
25,5;19,4;0,77;623,16
25,7;21,5;0,98;768,27
25,9;21;0,98;724,19
26;15,5;0,75;636,6
26;21,5;0,89;1150,24
26,1;22;0,86;708,8
26,1;23;0,86;911,95
26,3;19,5;0,89;621,95
26,5;19,4;0,7;750,05
26,9;18,5;0,75;574,3
26,9;23,5;0,53;737,1
27,2;17,5;0,85;463,26
27,2;22,5;0,86;1115,91
27,3;8,9;0,76;589,8
27,4;17,7;0,77;818,23
27,6;26,5;0,86;958,09
27,7;23;0,75;781,37
27,7;26,8;0,75;895,61
28,1;19;0,98;979,13
28,2;18,5;0,75;722,71
28,3;22,8;0,78;949,82
28,4;20,4;0,7;951,82
28,5;22;0,89;1673,27
28,7;18,5;0,98;750,23
28,8;24,5;0,53;689,92
28,9;22,5;0,86;721,92
29;23,5;0,98;1067,39
29,2;22,5;0,49;787,57
29,8;20,5;0,85;842,3
30,3;23,5;0,49;611,74
30,5;22,5;0,89;1395,72
30,6;20,9;0,78;770,89
30,7;26,5;0,53;763,79
31,1;28,1;0,49;696,19
31,2;21,5;0,89;1142,69
31,3;15,5;0,85;897,48
31,8;28,7;0,49;862,46
32,2;20,5;0,85;870,02
32,5;23;0,89;1545,07
32,8;24,5;0,53;622,15
32,9;19;0,89;1193,87
33,1;22;0,98;1185,33
33,9;18;0,85;1027,57
34;23;0,75;1659,4
34,2;27,9;0,49;795,51
34,8;24;0,53;1289,44
34,9;23,5;0,49;1072,21
35,4;19;0,89;1410,63
36;25;0,53;993,72
36;21,5;0,89;1783,17
36,5;25,5;0,53;1403,7
36,9;21,5;0,89;1674,89
37,1;22;0,98;1784,21
37,4;24,5;0,49;1098,13
37,6;24,5;0,49;1468,2
38,7;26;0,75;1927,74
39,2;22;0,53;615,48
39,7;28;0,53;1214,04
40,2;22,8;0,75;1780,09
40,2;25;0,53;1871,54
40,3;27,5;0,53;1515,9
40,6;24;0,75;2277,79
40,7;24,5;0,49;1123,32
40,8;21,6;0,75;1878,09
41,3;28;0,89;1792,92
41,4;20,3;0,89;2133,09
41,9;24;0,49;1404,78
42;26,5;0,49;1144,17
43,3;24;0,75;2341,2
44,2;26,5;0,53;1551,65
44,3;23,5;0,53;1696,93
46,2;16,5;0,85;1771,33
47,2;21,5;0,53;1578,23
47,4;23,5;0,49;1733,79
47,8;24,1;0,89;3412,33
48,4;24,5;0,53;1902,54
48,9;22,5;0,75;2306,65
49,8;22,5;0,49;1524,84
54,1;22;0,49;2121,75
60,9;27,9;0,49;1191,71
15,5;10;0,67;69,21
7,5;7,8;0,3;5,66
10,4;11,5;0,3;12,26
12,9;14;0,3;20,42
14,6;13;0,3;30,97
14,6;11,5;0,3;33,98
15,7;13,5;0,3;26,41
16,7;14,5;0,3;40,15
20,6;15,5;0,3;54,62
6,7;8;0,23;4,06
7,1;9,5;0,23;4,23
9,2;8;0,23;8,32
6,5;7;0,41;8,11
10,7;14;0,5;41,43
12,4;16;0,16;24,26
18,7;19,5;0,16;60,09
18,8;15,5;0,16;56,24
19,5;18,5;0,16;68,55
20,3;16,5;0,16;89,6
22;15;0,16;87,29
22,6;17,5;0,16;138,12
23,3;17;0,16;110,24
9,2;10,5;0,59;23,65
15,6;10;0,17;21,98
42,2;27;0,87;1887,94
43,6;29;0,38;768,41
91;34;0,38;6873,4
92,5;34;0,38;12624,46
142;42;0,38;23496,63
153;37;0,38;31214,49
156;48;0,38;30564,36
12,5;8,5;0,67;42,34
15,7;13;0,67;190,48
23,7;22;0,67;266,21
30,5;19;0,67;716,23
48;20;0,67;3351,58
49;40;0,67;3423,42
26,6;22;0,5;491,42
18;14;0,74;119,64
36,8;19;0,74;636,15
10,5;13;0,54;44,55
25,4;20;0,54;390,09
38;32;0,54;1163,77
12;7,5;0,36;18,77
15,2;12;0,36;34,67
16,5;18;0,36;89,05
28,8;20;0,36;355,67
35,7;27;0,36;829,81
15,8;6,5;0,52;37,66
22,5;15;0,52;172,13
11,8;11;0,76;83,11
12,6;11,3;0,81;94,5
14,5;10,5;0,85;124,67
15,2;11,4;0,78;93,22
31;13,3;0,73;717,72
32,1;17,1;0,83;930,49
34,2;16,3;0,79;1157,51
41,3;16,8;0,83;1780,8
42,2;17,8;0,79;2138,84
44;18,1;0,76;2025,48
15,5;11;0,63;65,9
21;13,9;0,66;65,73
22;10,2;0,57;63,77
26;12,7;0,58;194,46
29,8;12,9;0,64;335,94
34,7;17,5;0,61;447,99
13,3;12,9;0,57;87,59
14,9;12,2;0,6;75,65
19,2;13,6;0,59;99,34
20,5;12;0,62;216,19
29;19,2;0,53;371,6
33,6;22,3;0,55;680,98
34,3;18,9;0,54;372,42
47;28;0,55;1487,67
50,6;28,1;0,57;1777,74
52;26,8;0,6;2009,74
16,2;15,5;0,76;166,65
37,7;26;0,77;1065,63
17,3;14,1;0,72;92,9
31;15,4;0,66;444,55
31,3;20,5;0,63;472,8
31,6;19,9;0,67;610,45
46;30,4;0,61;1323,57
16;10,2;0,53;75,94
17,3;16,3;0,35;103,02
44,1;14,2;0,39;754,91
46,5;29,9;0,38;827,25
11;11,6;0,56;52,43
11,9;14,2;0,51;55,94
16,7;14,8;0,53;129,81
31,4;16,8;0,49;417,31
32,9;16,7;0,6;550,5
34;17;0,58;653,9
44,2;27,4;0,52;1254,37
44,5;21,6;0,52;1017,34
48,7;26,4;0,5;1083,56
46,4;25,1;0,53;1290,11
45,5;18,6;0,78;1628,27
15;11,3;0,54;51,11
31,3;28,2;0,55;545,89
15,7;13,6;0,54;92,3
30,4;25,8;0,58;871,46
45,3;27,4;0,65;1696,65
14,4;14,5;0,76;122,25
14,4;14,6;0,77;159,64
15,4;18;0,8;174,44
34;26,7;0,77;1244,57
34;18,6;0,67;1342,08
35,4;20,8;0,76;857,64
44;30,2;0,8;2264,37
45,6;31,7;0,81;2321,47
54;32,4;0,77;3711,08
10,2;9,6;0,8;43,51
10,9;14;0,83;59,71
14,5;16,9;0,8;141,15
27,5;25,6;0,79;519,6
32,1;20,9;0,71;636,66
12,4;11,2;0,52;46,52
16,6;14,1;0,46;58,93
19,7;12,6;0,54;135,21
23,2;10,5;0,53;112,95
30,1;20;0,59;368,3
26;20,1;0,75;622,66
15,1;12,5;0,56;95,12
15,8;17,8;0,58;103,93
27;13,2;0,68;307,42
28,3;15,1;0,65;568,34
8,6;11;0,66;19,6
8,6;10,2;0,61;18,61
9,6;11;0,66;28,62
16,9;13;0,68;114,36
19,1;12;0,67;207,14
19,1;10,5;0,67;186,25
28,7;12;0,68;456,11
28,7;11;0,68;582,09
29,9;11;0,68;546,06
6,4;7,8;0,8;15,7
7;7,2;0,79;22,44
9,6;12;0,76;62,06
14,6;12,5;0,73;109,97
16,6;16,6;0,8;197,39
28,7;14;0,76;511,72
8,6;7,7;0,42;22,16
8,9;7,2;0,43;43,5
9,2;6,3;0,51;19,52
15,9;9,3;0,43;85,14
17,8;9,2;0,36;73,96
19,1;11,7;0,45;79,15
28;13;0,54;217,22
30,6;15,5;0,55;327,62
35;15;0,55;796,02
8,6;7,2;0,5;37,55
9,6;10,3;0,47;27,52
9,6;10;0,39;26,15
15,9;13,2;0,58;126,48
16,2;11,3;0,59;76,25
18,2;8;0,48;79,14
24,8;14;0,62;219,47
29;16,4;0,54;505,38
31,8;15,7;0,54;828,51
8;6,6;0,7;24,67
9,2;6;0,73;29,6
9,6;7;0,74;38,59
15;9,2;0,72;89,09
17,2;10;0,57;99,86
19,1;8,8;0,73;102,45
7,6;7,5;0,47;15,64
7,6;8;0,72;29,52
9,6;12,6;0,73;39,95
17,5;11;0,81;223,5
19,1;16;0,64;224,44
19,1;12;0,7;210,98
28,7;14,2;0,66;606,45
29;11;0,78;581,25
30,3;22;0,62;682,14
9,2;10;0,42;36,19
9,6;9,2;0,44;28,16
9,6;10;0,31;22,35
15,6;9;0,39;70,81
15,9;11;0,39;77,01
18,2;9,9;0,46;81,7
8,3;8,5;0,54;18,96
8,6;9;0,52;21,91
8,6;11,2;0,59;39,85
15,9;11;0,67;208,47
16,9;10,5;0,66;172,32
19,1;10,8;0,61;95,1
28,3;14;0,65;254,42
29,6;12;0,56;522,37
30,9;18;0,62;474,71
6,4;11,4;0,44;12,37
9,6;11;0,54;23,84
9,6;10;0,52;29,92
18,5;14;0,49;152,63
18,5;9;0,53;128,39
18,5;8,5;0,55;168,71
28,7;11;0,53;307,75
31,8;12;0,47;343,86
31,8;11;0,51;427,23
7;6,4;0,67;18,6
9,6;8,5;0,62;31,48
9,6;9;0,71;40,1
15,9;10,5;0,58;84,32
16,6;8,4;0,68;110,77
19,1;16;0,6;359,29
28,7;15,5;0,68;541,58
29;19;0,55;536,38
29,6;18;0,73;595,09
7;8,3;0,7;21,34
8,9;8;0,54;22,36
9,6;12,1;0,69;43,7
16,9;8;0,67;114,74
19,1;10,4;0,67;126,64
19,1;10,5;0,61;125,97
28,7;13,8;0,68;757,63
29;6,5;0,56;208,65
31,8;8,3;0,66;370,41
5,3;4,4;0,53;6,45
8,4;5,7;0,56;17,42
5,9;5,7;0,54;7,09
6,8;6,7;0,52;9,42
10,2;7,7;0,57;30,37
10,6;5,9;0,59;27,39
12,3;5,3;0,51;33,85
5,9;3,4;0,39;7,63
7,6;3,8;0,42;15
23,6;7,3;0,43;175,59
5,1;3,5;0,2;1,26
6;3,4;0,27;1,68
8,9;6,8;0,26;8,55
9,2;7,2;0,27;8,35
13,7;7,9;0,27;24,16
15;7,5;0,26;24,23
5,2;5,3;0,74;8,68
5,3;5,8;0,74;7,94
5,7;5,1;0,73;11,56
8;6,1;0,8;30,15
10,2;7,4;0,79;51,43
12,3;8,2;0,79;99,45
8,3;5,8;0,3;8
19,5;7,9;0,3;51,12
5,8;4;0,24;2,97
6,7;3,9;0,23;2,67
10;5;0,2;12,66
11,8;4,1;0,21;13,24
13;4,7;0,25;13,35
5,2;5;0,85;7,64
5,3;4,3;0,86;6,97
5,3;5,2;0,89;12,32
5,9;4,6;0,88;16,69
6,5;4,9;0,86;11,86
5,2;4,8;0,82;11,32
5,7;3,5;0,85;11,11
13,1;4,4;0,82;32,55
5,9;4,5;0,89;11,79
6,9;3,7;0,8;15,23
7,5;5,6;0,71;15,92
7,2;4,2;0,78;10,42
6,4;3,4;0,46;12,62
12,4;5,2;0,45;62,29
7,1;3,2;0,42;14,6
14,8;6,5;0,41;60,36
7,1;4,2;0,31;9,52
11,1;5,3;0,37;30,1
5,6;5,4;0,78;14,06
6,8;6,1;0,74;16,18
7,6;6,1;0,78;20,13
5,7;4,2;0,31;2,36
6,6;4,9;0,28;4,71
6,9;6,1;0,34;6,9
9,9;5,6;0,36;10,74
10,2;5,6;0,31;11,72
13,8;7;0,29;24,91
15,1;7,7;0,27;33,53
7;3,8;0,18;2,28
10,2;5,2;0,19;5,66
10,7;3,2;0,22;5,52
14;5,3;0,23;13,45
16,2;6,3;0,29;23,85
19,1;5,4;0,25;24,44
24,8;4,4;0,22;30,22
26,4;7,3;0,21;52,41
27,4;6,1;0,21;42,27
9,1;3,4;0,1;1,23
11;3,7;0,11;1,32
11;4;0,12;2,26
12,6;5;0,09;6,47
17,5;5,2;0,1;3,51
31,8;4,9;0,1;17,38
5,4;4,4;0,82;10,88
6,1;4,9;0,77;11,66
7,6;5;0,81;18,93
8,4;6,7;0,86;34,88
10,1;6,1;0,85;41,97
6,6;4,7;0,78;12,6
5,6;4,7;0,7;7,58
9,4;6,1;0,83;36,94
5,6;4,2;0,79;11,66
7,6;4,4;0,73;41,21
8,3;5,8;0,72;27,21
7,2;6,1;0,66;20,64
7,3;6,3;0,68;26,05
10;8,8;0,67;40,94
13,1;9,5;0,73;81,1
10;12;0,64;53,73
10;13;0,69;65,24
14;12;0,62;94,36
19;19;0,71;268,07
24;16;0,67;434,35
28;20;0,63;540,32
30;25;0,63;574,38
33;22;0,65;844,92
11;16;0,48;52,99
14;19;0,45;118,16
16;22;0,5;162,15
19;21;0,48;224,45
20;24;0,48;237,12
21;24;0,54;311,43
28;25;0,52;654,97
33;27;0,52;652,91
35;33;0,58;1277,51
14;18;0,49;102,6
14;20;0,56;153,39
14;15;0,48;134,82
19;19;0,55;253,78
23;24;0,49;320,98
26;29;0,52;454,43
30;24;0,48;659,85
35;20;0,49;642,04
37;26;0,52;529,16
14;15;0,46;84,29
15;14;0,58;127,67
16;14;0,57;164,17
18;18;0,67;183,49
19;17;0,46;230,11
20;11;0,66;183,36
28;23;0,56;653,96
30;19;0,55;408,3
13;11;0,75;72,66
14;15;0,69;106,57
14;14;0,73;121,41
21;19;0,7;263,49
22;13;0,62;249,1
24;11;0,66;286,02
26;16;0,71;444,75
28;15;0,63;369,44
33;23;0,66;899,22
10;11;0,64;45,3
14;14;0,68;77,93
16;18;0,69;165,14
19;15;0,65;213,22
20;19;0,67;282,12
22;20;0,7;355,21
27;21;0,67;436,57
29;25;0,68;766,09
33;25;0,64;898,39
9;11;0,66;40,89
10;11;0,65;48,91
11;12;0,65;66,18
17;17;0,64;136,24
17;19;0,55;167,86
18;12;0,63;147,69
27;17;0,64;274,63
27;17;0,65;341,39
27;18;0,62;439,75
14;14;0,5;52,78
14;16;0,47;87,8
16;14;0,57;106,91
21;18;0,57;178,25
22;17;0,52;166,61
22;18;0,48;186,86
27;18;0,48;207,95
27;12;0,51;210,41
37;17;0,49;599,14
12;11;0,6;70,6
13;10;0,73;71,18
14;10;0,61;88,78
19;16;0,59;217,83
19;13;0,56;214,92
24;17;0,57;264,97
25;16;0,59;406,37
28;15;0,6;444,16
32;14;0,56;499,77
33;26;0,55;698,64
7;8;0,49;11,15
7,5;13,5;0,54;12,98
8,5;10,5;0,5;22,77
17;10,5;0,5;81,03
17;14,5;0,52;129,8
17,5;13,5;0,52;64,8
25;16;0,5;238,15
28;16;0,49;243,16
29;17;0,48;267,52
6;7;0,51;10,02
6,5;6,5;0,53;11,37
8;12;0,52;29,11
16,5;11,5;0,56;115,77
17;12,5;0,52;114,62
28;17;0,54;281,91
30;18;0,53;340,21
17,5;11,5;0,58;191,7
29;13,5;0,63;256,56
17;17,5;0,28;102,04
17;14,5;0,26;115,68
17,5;13;0,27;105,86
25;18;0,26;188,46
30;10,5;0,26;141,27
30;15;0,29;290,06
16;11;0,53;102,39
16,5;12,5;0,54;85,99
17,5;13,5;0,52;129,42
32;21,5;0,53;508,14
7;10;0,46;33,35
7,5;11;0,46;38,04
35;18,5;0,45;506,19
35;16,5;0,45;305,61
7;8,5;0,36;8,53
7;8;0,33;8,39
8,5;6,5;0,38;30,83
7,5;9,5;0,47;17,75
8;7;0,47;14,04
8,5;8,5;0,48;27,26
16;9;0,46;76,99
16,5;9;0,48;60,06
16,5;8,2;0,48;70,33
25;12;0,49;172,31
34;16,5;0,45;539,99
36;20,5;0,47;826,44
6,5;10;0,75;14,78
7;9,5;0,74;18,76
7,5;9;0,78;23,45
16,5;11,5;0,78;104,26
16,5;10,5;0,77;176,74
17;10,5;0,78;147,82
27;15,5;0,77;330,88
27,5;15;0,8;279,22
30;14;0,77;311,76
6;10;0,41;7,36
8;10,5;0,39;13,2
8;9;0,41;12,82
15;13,4;0,4;41,96
17;13;0,41;103,98
17,5;18;0,44;152,12
26;17;0,43;207,92
27;18;0,44;264,49
32;19;0,41;190,49
15;11;0,69;58,55
16;11;0,69;66,33
17;13;0,68;69,73
26;18;0,66;324,35
30;17;0,66;342,5
7,5;9;0,63;21,09
8;6,5;0,65;22,24
17,5;13,5;0,54;149,27
25;14;0,55;178,11
28;17;0,53;318,58
36;23;0,54;734,96
6;11,3;0,52;12
7;9,5;0,57;13,37
7;11,5;0,55;22,98
16;16;0,56;157,93
17,5;15;0,55;118,39
8,5;9;0,68;26,14
6;8;0,7;10,08
6,5;8;0,64;15,35
7;8,5;0,64;12,28
17;14,5;0,7;137,03
17;17,5;0,69;179,58
17;18;0,7;188,95
30;20;0,69;538,71
32;19;0,7;518,7
36;21;0,64;1062,26
7,5;7;0,57;17,88
30;8;0,6;331,64
11,9;20,8;0,63;99,73
13,8;21,4;0,58;136,47
12,1;16,5;0,6;98,49
10;12;0,54;32,7
10,7;14,3;0,52;38,89
10,7;13,5;0,48;34,63
20,7;26;0,62;375,52
10;16,3;0,62;62,8
20,6;24,2;0,55;277,47
48,2;47,5;0,62;3459,77
77,9;50;0,6;9836,28
12,4;21,2;0,56;116
43;31,5;0,59;1739,43
15,7;17,2;0,51;121,69
11,9;19,2;0,58;71,81
13,6;18;0,61;116,78
28,2;24,6;0,6;733,6
32,9;27,8;0,56;1164,79
13,5;18,5;0,63;136,75
37,2;34,4;0,57;1265,64
10,9;16,9;0,6;39,02
21,7;22,7;0,56;316,45
35,9;27,9;0,65;1056,26
13,9;21,1;0,6;112,82
45,7;37,2;0,55;2047,75
21,4;24,8;0,57;374,85
101,6;57,5;0,64;17115,17
9,7;17,4;0,64;56,13
12,9;16,3;0,63;81,91
14;15;0,59;127,7
66,7;42;0,57;6297,34
5;10;0,54;6,06
5;9,1;0,59;6,14
5;6,3;0,54;4,75
5;8,3;0,8;9,97
5;10;0,39;6,24
5,1;6,5;0,72;6,65
5,1;10;0,59;10,41
5,1;5,8;0,56;8,31
5,2;8,8;0,55;6,93
5,2;10;0,52;8,84
5,3;7,5;0,51;5,86
5,3;10;0,61;11,41
5,4;10,6;0,61;8,71
5,4;11,7;0,65;10,52
5,4;9,5;0,58;8,4
5,5;9,7;0,59;10,58
5,5;8,6;0,54;9,68
5,5;8,4;0,54;11,49
5,5;7,7;0,48;12,21
5,6;8,8;0,46;6,59
5,7;10;0,53;8,16
5,8;8;0,56;6,27
5,8;9,9;0,58;10,74
5,8;10,4;0,65;12,81
5,8;9,9;0,58;11,98
5,9;11,2;0,72;14,2
5,9;7,7;0,51;11,48
6;12,5;0,61;15,29
6;9,3;0,61;11,6
6,1;10;0,62;14,92
6,1;10,6;0,56;15,84
6,2;12,2;0,62;11,96
6,2;8,6;0,59;10,21
6,2;8,5;0,55;9,56
6,2;8,7;0,72;14,7
6,3;9,2;0,63;13,69
6,3;8,7;0,64;15,7
6,5;10,6;0,62;14,43
6,5;7,1;0,48;9,81
6,6;12,7;0,66;18,64
6,7;9,5;0,59;12,43
6,9;7;0,57;11,79
7;11,2;0,63;17,24
7,1;12,6;0,59;18,18
7,2;9,6;0,66;19,81
7,2;10,8;0,59;27,62
7,3;10,6;0,46;9,96
7,4;11,5;0,61;17,07
7,4;9,8;0,47;16,17
7,5;11,5;0,66;21,72
7,7;10,8;0,49;16,88
7,8;10;0,66;23,74
8,2;10,7;0,4;15,87
8,4;12,4;0,68;36,02
8,6;9,6;0,41;17,3
9,2;12,8;0,6;44,56
9,3;10,6;0,52;29,07
9,4;15,6;0,61;44,18
9,7;13;0,58;36,4
9,9;17,5;0,66;70,05
10;12,8;0,41;28,39
10,1;17,2;0,56;40,97
10,8;12,3;0,45;28,67
10,9;11,1;0,64;33,77
11;12,1;0,53;41,18
12;19,3;0,69;100,67
12,3;16,6;0,61;80,49
12,4;12,4;0,59;58,76
12,4;15,8;0,65;87,03
14,1;15;0,66;123,37
16,2;20;0,77;229,2
18,2;24;0,65;255,76
18,4;23,2;0,73;237,59
20,1;24;0,64;269,98
21,3;26,3;0,68;400,12
21,3;24,4;0,68;434,01
22,2;28;0,73;396,51
27,6;31,6;0,61;665,03
28,9;27,8;0,57;719,17
29;25,9;0,6;577
33;30;0,72;941,31
34,2;33,3;0,56;650,75
37,5;31;0,75;1543,03
39,6;28;0,65;1563,88
40,5;31,2;0,59;1014,92
41,2;34,5;0,61;1449,59
55,6;42,5;0,65;4363,15
63;48,9;0,73;4874,82
89;48;0,6;14062,9
91,8;41,4;0,69;13666,71
10,9;15;0,52;48,34
26,2;28,7;0,56;545,38
52,8;36,1;0,6;2821,98
53,2;34,9;0,63;3874,86
18,9;24,9;0,59;333,93
57,9;46,8;0,58;3092,12
20,1;23,9;0,61;380,76
24,5;25;0,61;595,69
38,2;30;0,54;1305,75
22,8;27,3;0,63;306,2
46,1;32,5;0,58;1608,99
12,6;13,6;0,54;78,88
15,6;12;0,56;97,51
38,5;38,4;0,59;1110,11
42;35;0,54;1168,07
32,9;28,8;0,59;1136,46
39,2;33,9;0,48;1030,9
60,1;39,5;0,63;4541,26
30,4;28,7;0,66;907,3
11,3;16,9;0,62;69,05
6,2;9,5;0,63;14,63
7,2;12,6;0,55;16,45
6,3;12,2;0,67;18,22
66,7;40,4;0,74;6172
13,7;20,3;0,73;181,11
7,5;14,5;0,51;20,32
6,3;12,3;0,61;13,39
5,9;13,2;0,46;10,54
10,2;14,9;0,46;42,84
5,8;7,9;0,76;6,83
9,4;11,5;0,61;33,62
53;46,2;0,76;5810,9
5,9;10,6;0,67;11,8
5,8;10,2;0,61;13,18
23;19,3;0,61;557,42
26,1;25,8;0,59;726,18
27,7;28,5;0,59;908,6
5,6;7,9;0,63;9,28
12,4;15,2;0,58;132,01
46,8;35;0,57;2122,9
13,8;16,2;0,43;59,75
21,1;19;0,77;430,2
5,2;6,5;0,78;7,01
5,3;8,1;0,78;8,07
5,5;9;0,78;12,95
6,5;4,4;0,78;5,46
6,7;6;0,78;13,37
6,8;7,8;0,78;14,9
8;6,9;0,78;18,31
9;10;0,78;40,86
10;13,7;0,78;54,17
13;9,4;0,78;71,82
15,5;13;0,78;87,6
19,7;18;0,78;203,5
19,7;16;0,78;191,18
21;20,5;0,78;232,93
25,4;20;0,78;410,97
32,3;24;0,78;852,03
42;26;0,78;1543,65
5;9;0,61;7,25
5,3;8;0,61;7,89
5,4;10;0,61;6,78
6;10,9;0,61;11
6,7;10,5;0,61;9,73
7;11,6;0,61;15,16
7,4;11,9;0,61;19,11
8,1;11,2;0,61;22,13
9,6;12,2;0,61;27,56
9,2;11,2;0,93;96,56
23,3;19;0,93;466,9
32;20;0,93;1036,56
6,7;8,7;0,78;12,2
6,9;8,3;0,78;10
8,1;9,1;0,78;23,7
8,7;9,9;0,78;22,8
9;9,6;0,78;24,4
11,7;14,7;0,78;57,4
13,9;12,8;0,78;67,1
14,3;11,4;0,78;62,5
15,5;13,6;0,78;103
15,9;16,3;0,78;147,2
18,1;14,3;0,78;102,4
18,8;14,1;0,78;154,3
20,4;15,5;0,78;215,6
20,8;11,6;0,78;213,3
23,6;18,1;0,78;360,4
25;16,6;0,78;313,6
26,4;16,1;0,78;373,9
27,2;15,2;0,78;447,2
27,3;16,1;0,78;376,6
28,1;16,2;0,78;416
40,7;15,3;0,78;1145,8
7,7;10,4;0,61;16,6
8,4;11,7;0,61;26
9;12,6;0,61;30,3
9,3;13,7;0,61;34,2
11,5;15,4;0,61;49,4
11,5;15;0,61;48,4
12,4;15;0,61;60,4
14,8;14,5;0,61;86,2
15,8;15;0,61;77,1
16,7;13,3;0,61;133,4
18;16;0,61;126,6
19,5;16,3;0,61;183,3
20,1;15,9;0,61;163,5
20,2;13,9;0,61;206,9
21,2;17,3;0,61;224,1
21,9;13,8;0,61;199,7
25,9;15,7;0,61;223,4
6,6;9,5;0,93;21,8
7,3;9,3;0,93;18,6
7,4;8,7;0,93;22,9
9,6;10,3;0,93;39,6
9,7;10,5;0,93;60,9
10,7;12,6;0,93;56
11,5;13,7;0,93;78,4
12,2;14,5;0,93;82,6
12,4;14,1;0,93;124,5
14;12,1;0,93;157,7
15,7;15,6;0,93;172,1
16,4;13,6;0,93;173,1
17,9;13,3;0,93;188,1
19,7;13;0,93;214
20,1;13,8;0,93;276,4
22,3;15,1;0,93;531,5
23,2;16;0,93;353,1
10,6;11,1;0,66;37,3
10,4;13,3;0,72;65
10,6;15,9;0,72;76,4
11,7;14,6;0,72;106,4
13,2;15,6;0,72;148,2
13,8;15,4;0,72;157,9
17,2;15,7;0,72;284,4
13;16,8;0,33;60
14,4;14,8;0,58;144,5
12,3;13,2;0,66;76,1
23,5;23,6;0,73;530,6
17,4;14,5;0,44;118,3
13,7;12,3;0,59;102,1
15,6;10,3;0,59;115,1
17;13,8;0,59;131,2
19,2;12;0,59;126
22,2;15,8;0,59;263,8
24,8;16,6;0,59;358,1
28,3;15,9;0,59;461,8
17,1;16,7;0,32;83,5
19,4;17,6;0,32;110,4
29,8;21,1;0,32;289,1
36,5;19,5;0,32;389,7
41,7;22,3;0,32;691,3
14,1;15;0,56;142,3
22,5;12,2;0,66;236,16
28;12;0,72;323,15
30,7;10;0,65;385,3
46;16;0,63;1245,5
63,2;20;0,63;2174,2
32,3;17,4;0,71;961,49
44;17;0,65;1240,37
60;18,3;0,65;1863,89
72;23;0,7;6953,84
5;5,2;0,61;4,12
6;5,2;0,58;5,96
14,5;6;0,63;50,48
28;12;0,64;295,85
18,6;7,8;0,63;107,86
6;4,7;0,6;4,9
10,6;5,5;0,62;36,15
13,4;6;0,61;18,65
16;7;0,72;37,65
16;7;0,6;47,56
18;7,9;0,61;56,56
18,2;7,8;0,61;61,72
18,5;5;0,62;102,66
17,2;11,5;0,69;114,65
30;14;0,74;588,53
37;13;0,66;843,58
42;17,5;0,73;1440,67
13,5;5;0,61;24,55
5;5;0,73;19,53
15,9;15;0,49;49,5
34,1;23;0,51;872,3
20,1;23;0,55;222,8
40,1;26,5;0,5;791
12,7;15;0,42;45,1
16,6;20;0,43;113,8
19,4;20;0,43;161,9
48,4;28;0,56;1047,3
15,3;9;0,6;59,9
28,6;26,8;0,46;430
54,1;26;0,46;1843,7
10;15,5;0,44;15,8
17,5;21;0,46;122,3
27,1;22;0,5;268,9
64,9;37,8;0,53;1692,7
70;31;0,49;1706,5
17,5;13;0,37;77,4
20,4;20;0,31;209,1
13,1;13,5;0,54;60,7
14,3;16,4;0,52;62,1
26,1;23;0,52;84,4
10;12,2;0,65;25,4
13,7;20;0,65;85,3
14,6;15,3;0,65;42,9
16,2;21;0,65;141,2
31,8;28;0,65;598
33,1;28,9;0,65;1158
36,9;31,8;0,65;1226
20,1;19;0,49;121,4
78;34;0,43;3903
110,1;35;0,4;6061,6
20,7;19;0,5;166,7
11,8;15,8;0,43;63,5
18,1;21;0,44;230,3
19,1;18,6;0,43;151,4
21,6;23;0,44;283,5
27,7;24;0,43;374,9
43,9;28;0,44;1292,9
54,1;25;0,44;1457
14,3;17;0,53;32,6
22;20,6;0,52;271,3
10,8;10,7;0,49;15,4
10,6;10,6;0,47;42,22
15,1;18;0,6;145,27
16;16,5;0,71;147,93
18,9;16,2;0,36;138,2
21,5;18;0,51;165,17
23;25,1;0,62;420,85
23,2;13,9;0,69;292,78
24,1;21,5;0,61;473,89
30,3;23;0,84;783,21
32;25,1;0,36;365,48
34,9;21,7;0,36;527,84
35;23,4;0,65;927,56
39;22,6;0,27;373,15
39,7;18,3;0,26;147,8
40,1;24,9;0,5;961,7
41,1;18,5;0,26;484,87
47,5;34;0,61;2032,59
50,2;33,4;0,62;3001,13
53,7;37,2;0,66;4061,27
57,7;30,3;0,78;3561,99
58;32,9;0,27;392,41
59,7;33,3;0,72;4735,75
62,4;27;0,44;1975,15
62,8;27,2;0,59;3669,27
69,2;29,5;0,33;2032,46
75,5;36;0,7;8947,61
76;33,9;0,58;5215,23
80,8;35,2;0,89;12610,39
80,9;29,7;0,53;2226,83
81;42,3;0,78;10484,1
83,9;32,7;0,55;7263,6
85,4;25;0,39;2514,49
85,6;50;0,53;12489,04
92,6;39;0,61;10883,38
93;39,8;0,59;10164,45
93,8;41,5;0,71;14255,43
98;28,3;0,4;4670,99
98;32;0,46;8182,11
98,8;34,8;0,78;10969,24
104,5;27,2;0,38;7296,73
105,9;41,5;0,89;25342,19
108;30,4;0,86;12225,84
109;39,5;0,89;28426,58
110,8;47,5;0,57;19916,27
115;27,7;0,13;2297,21
117,2;33,8;0,59;15457,91
129,8;42,1;0,45;22979,41
130;46,7;0,63;24325,06
132;43;0,65;38857,36
158;44,1;0,83;76063,52
169;41,3;0,54;21055,52
10,9;10,2;0,39;32,59
5,6;11;0,71;7,91
21,6;19,9;0,71;224,66
5,1;6,8;0,74;5,3
5,3;7,6;0,3;2,12
5,3;9,8;0,3;5,12
10,9;11,9;0,3;27,3
7,4;9,1;0,7;11,56
20,8;12;0,59;177,38
8,6;9;0,48;16,44
19,3;15,3;0,48;168,31
31,2;16,9;0,48;533,93
35,6;19,7;0,48;574,32
45,7;20,7;0,48;755,12
8,1;8,5;0,58;11,1
12,9;14,3;0,58;31,03
6,1;8,4;0,71;14,92
10,3;8,5;0,9;48,78
5,7;7,3;0,67;11,71
7,1;9,7;0,67;17,82
11,7;15,8;0,58;63,6
7,6;8,6;0,87;20,11
17,5;14,3;0,87;201,5
10,9;14,7;0,75;45,08
5,6;8,2;0,7;9,1
18,5;15,3;0,65;189,53
5,8;8,3;0,46;6,1
11,2;10,9;0,5;35,21
19,8;17,5;0,8;252,37
5,6;6,2;0,57;5,67
5,4;6,3;0,73;11
8,1;8,1;0,73;18,7
5,4;7,5;0,77;14,2
6,4;7,7;0,77;22,8
10,3;9,4;0,77;68,5
18,5;13,7;0,77;305,7
19,7;9,4;0,77;202,5
20,7;14,2;0,77;375,5
22,5;13,4;0,77;321,6
23,2;12,2;0,77;444,5
34,5;14,2;0,77;618,6
45;15,3;0,77;1104,5
8,5;6,3;0,31;15,7
10,7;10,6;0,31;20,7
11,1;5,9;0,31;20,2
14,2;9,2;0,31;43,1
17,9;7,8;0,31;61,4
20;11,4;0,31;73,4
20,3;7,6;0,31;65,5
20,7;10,1;0,31;110,9
22,6;7,4;0,31;64,4
23,2;7,5;0,31;146,4
7,7;4,6;0,73;15,1
5,8;6,2;1,1;13,5
5,8;7,3;1,15;19,7
11,1;6,8;0,92;34,8
8,3;6,4;0,51;15,44
16,5;11,1;0,51;87,29
11,6;4,8;0,59;32,07
12,4;8;0,59;31,1
17,5;10,9;0,59;99,17
18,5;10,2;0,59;130,29
20,1;12,1;0,59;113,13
35,8;14,1;0,59;550,95
67,8;18,3;0,59;2655,71
8,4;7,7;0,61;17,58
8,6;6,9;0,66;12,2
15,3;13,5;0,66;52,13
16,6;14,3;0,66;56,13
18,1;12,8;0,66;81,84
35,7;16,8;0,66;353,42
36,6;19,5;0,66;252,58
41,1;15,4;0,66;446,48
10,5;10,3;0,73;39,21
5,3;6,7;0,73;8,42
10,3;5,7;0,73;42,02
13,4;10,5;0,73;68,34
19,4;12,7;0,73;150,79
63;17,8;0,38;1865,3
14,8;8,3;0,6;44,3
11,8;11,9;0,56;42,2
7,8;6,3;0,89;15,08
19,1;12,6;0,89;120,03
6,7;5,6;0,96;13,09
6;7,9;0,75;11,26
10,7;9,8;0,75;39,74
6,3;6,5;0,71;12,1
7,2;6,2;0,71;19,15
5,4;7,6;0,81;9,71
6,7;6,3;0,81;15,32
8,3;7,7;0,81;28,54
12,1;7,2;0,81;53,86
14,3;9;0,81;76,61
14,7;9,2;0,81;115,09
15,9;14,7;0,81;105,24
9,2;10,2;0,58;25,06
8,3;8,8;0,42;15,05
13,8;9,1;0,42;39,68
16,2;10;0,42;58
22,3;12,3;0,42;118,15
22,9;10,2;0,42;86,15
25,1;11,7;0,42;132,41
26,7;12,3;0,42;190,82
8;6,6;0,39;7,49
8,8;6,5;0,39;11,35
9,5;6,2;0,39;12,11
12,1;8,1;0,39;32,61
12,7;7,4;0,39;21,24
13,1;9,7;0,39;33,57
14,6;12,1;0,39;53,69
15,3;8,4;0,39;41,56
16,9;10,3;0,39;69,09
17,2;12;0,39;42,13
17,2;9,9;0,39;59,15
18,6;9,8;0,39;70,38
18,6;11,9;0,39;105,07
19,1;10,6;0,39;80,23
20,8;12,1;0,39;109,13
22,3;12,9;0,39;117,87
22,6;10,6;0,39;110,52
23,9;11,6;0,39;102,06
27,7;12,3;0,39;147,78
29,3;18,3;0,39;150,34
31,2;12,3;0,39;151,69
11,3;10,4;0,46;31,03
19,7;13,6;0,46;130,95
25,9;13,9;0,46;263,33
43,9;15,2;0,46;829,33
7,3;4,6;1,05;21,16
8,4;7;1,05;24,23
16,3;20;0,65;163,54
11,6;15;0,54;45,17
14,7;16;0,54;82,82
5,2;6;0,66;6,07
6,4;9;0,66;9,6
21;25;0,74;194,69
29,3;35;0,34;279,09
20,3;25;0,41;132,95
27,3;30;0,43;446,01
9,5;15;0,38;21,74
12;13;0,38;36,72
8,3;10;0,56;14,33
24,6;30;0,58;393,81
18,3;25;0,57;136,94
27,8;30;0,41;304,57
9;9,8;0,32;16,8
20,7;25;0,56;178,74
24,5;30;0,56;277,58
10,3;12;0,62;42,63
30,9;35;0,81;535,29
44,1;40;0,57;1443,96
5,4;3,6;0,9;1,87
7;3,6;0,9;7,34
8,9;3;0,9;10,69
12,8;5,5;0,9;31,27
15;8;0,9;52,36
15,9;7;0,9;60,83
18,8;6,6;0,9;56,5
22,6;6,8;0,9;114,53
24,2;8;0,9;321,19
36;9,3;0,93;666,73
70;15,5;0,91;3890,36
79,3;13,3;0,87;4538,06
5;4,7;0,84;10,9
5;2,9;0,84;7,36
5;2,4;0,84;3,43
5;3,5;0,84;2,98
5;3,1;0,84;2,45
5;2,5;0,84;2,35
5;2,4;0,84;2,28
5;2,9;0,84;1,4
5,1;3;0,84;4,98
5,1;2,8;0,84;2,7
5,2;4,1;0,84;3,66
5,2;2,7;0,84;3,47
5,2;3,4;0,84;3,41
5,2;3,1;0,84;3,21
5,2;2,2;0,84;2,59
5,3;3,8;0,84;4,31
5,3;3,3;0,84;3,41
5,3;2,9;0,84;3,31
5,3;2,8;0,84;3,31
5,4;3,1;0,84;8,28
5,4;4;0,84;7,14
5,4;3,3;0,84;5,19
5,4;4;0,84;4,63
5,4;4;0,84;3,31
5,4;2,9;0,84;3,32
5,4;2,7;0,84;3,16
5,5;3,5;0,84;6,76
5,5;3,3;0,84;6,22
5,5;2,7;0,84;5,5
5,5;4,1;0,84;4,97
5,5;3,8;0,84;4,62
5,5;3;0,84;3,82
5,5;4,6;0,84;3,35
5,5;3,1;0,84;2,83
5,5;2,6;0,84;2,69
5,7;3,4;0,84;3,74
5,8;3,1;0,84;5,41
5,8;3,9;0,84;4,72
5,8;3,1;0,84;3,97
5,8;3,3;0,84;3,52
5,8;3,6;0,84;3
5,9;3;0,84;6,21
5,9;4,1;0,84;5,59
5,9;4;0,84;5,64
5,9;3,5;0,84;4,6
5,9;2,7;0,84;3,43
5,9;1,8;0,72;3,06
5,9;3,9;0,84;2,9
5,9;2,4;0,84;2,81
6;3,2;0,84;6,41
6;3,6;0,84;6,11
6;3,5;0,84;4,27
6,1;4,2;0,84;6,59
6,1;2,8;0,84;3,64
6,1;2,2;0,84;2,53
6,2;4,2;0,84;7,13
6,2;3,2;0,84;6,16
6,2;2,2;0,84;5,51
6,2;1,4;0,84;4,7
6,2;4,1;0,84;4,44
6,2;1,9;0,84;3,07
6,3;3,9;0,84;7,34
6,3;3,4;0,84;6,24
6,3;4;0,84;6,15
6,3;2,4;0,84;6,33
6,3;2,9;0,84;4,84
6,3;3,7;0,84;4,38
6,3;3,5;0,84;3,31
6,4;3,9;0,84;6,19
6,4;3,4;0,84;5,83
6,5;2,9;0,84;5,8
6,5;4,2;0,84;4
6,5;4,3;0,84;3,52
6,6;4,1;0,84;7,86
6,6;4,7;0,84;5,94
6,6;4,5;0,84;4,01
6,6;3,3;0,84;3,5
6,7;3,2;0,84;7,99
6,7;2,7;0,84;6,76
6,7;4,1;0,84;5,22
6,7;4,2;0,84;5,24
6,7;4,2;0,84;4,62
6,7;2,7;0,84;4,37
6,7;3;0,84;4,1
6,7;2;0,84;2,04
6,8;4,2;0,84;7,7
6,8;4,6;0,84;7,51
6,8;3,2;0,84;7,16
6,8;3,7;0,84;4,67
6,8;2,9;0,84;4,74
6,9;2,8;0,84;9,97
6,9;4,6;0,84;7,16
6,9;3,6;0,84;7,4
6,9;3,7;0,84;6,53
7;3,5;0,84;11,78
7;4,3;0,84;9,74
7;4,5;0,84;8,08
7;4,6;0,84;8,13
7;5;0,84;7,73
7;3,2;0,75;7,31
7;4,3;0,76;6,94
7;3,2;0,84;6,71
7;3,6;0,84;6,22
7,1;3;0,84;8,38
7,2;3,4;0,84;8,98
7,2;2,7;0,84;8,12
7,2;4,3;0,84;9,09
7,2;3,8;0,84;8,13
7,2;3,6;0,84;7,91
7,3;4,6;0,84;9,75
7,3;3,7;0,84;8,47
7,3;3,2;0,84;8,92
7,3;4,6;0,79;8,27
7,3;2,8;0,84;5,22
7,4;4,2;0,84;7,84
7,4;3,4;0,84;5,14
7,5;4,7;0,84;11,1
7,6;4,7;0,84;13,76
7,6;3,4;0,84;11,61
7,6;3,7;0,84;9,68
7,6;4,3;0,84;8,95
7,6;4;0,81;8,75
7,6;3,7;0,84;7,03
7,6;3,5;0,84;7,74
7,7;5;0,84;8,29
7,7;2,7;0,84;6,24
7,8;5,1;0,84;11,54
7,8;4,6;0,84;9,25
7,8;4,4;0,84;7,81
7,8;4,3;0,84;7,43
7,8;2,9;0,84;4,54
7,9;3,7;0,84;15,26
7,9;4;0,84;5,71
8;4,4;0,84;9,45
8;3,3;0,85;9,27
8;3,9;0,84;8,48
8;5;0,84;6,71
8,1;3,5;0,84;11,22
8,1;3,7;0,84;9,83
8,1;4,9;0,84;5,18
8,2;4,1;0,84;14,54
8,2;4,1;0,84;11,92
8,2;4,3;0,84;10,55
8,2;3,5;0,84;9,33
8,2;4,4;0,84;8,71
8,3;4,6;0,84;26,07
8,3;3,3;0,84;13,08
8,3;2,9;0,84;3,31
8,4;4,4;0,84;15,13
8,4;4,1;0,84;15,3
8,4;3,6;0,84;15,18
8,8;4,2;0,84;12,34
8,9;3,1;0,84;5,84
9,1;6,2;0,84;17,85
9,4;4,8;0,84;18,62
9,5;4;0,84;15,61
9,5;3,8;0,84;15,14
9,6;6,2;0,84;17,39
9,7;3,1;0,84;12,39
9,8;4,7;0,84;14,84
9,8;4,2;0,84;9,98
9,9;4,1;0,84;21,29
9,9;3,6;0,84;18,44
9,9;4,1;0,84;13,45
10;2,5;0,84;11,72
10,1;4,8;0,84;27,19
10,2;4,6;0,84;15,15
10,5;4,9;0,84;39,7
10,5;5;0,84;28,22
10,8;5,1;0,84;26,12
11;4,2;0,84;21,78
11;5,3;0,84;14,53
12,2;2,2;0,84;24,08
12,5;6,1;0,84;28,23
12,7;4,5;0,84;16,25
12,9;3,8;0,84;25,73
13,4;6;0,84;137,81
13,7;5,9;0,84;36,37
13,7;4,8;0,84;35,62
14;5,2;0,84;41,27
14,3;5,4;0,84;43,4
14,3;5,3;0,84;33,67
14,3;5,1;0,84;24,49
14,6;3,9;0,84;41,4
15;4;0,84;37,31
15;5;0,84;34,82
15,3;4,8;0,84;28,56
15,9;6,7;0,84;65,15
15,9;6,9;0,84;61,67
15,9;6,2;0,84;60,73
15,9;5,3;0,87;48,31
16,2;6,1;0,89;65,96
16,2;6,1;0,84;49,28
16,2;5;0,84;44,19
16,6;6,6;0,84;61,78
16,6;5,2;0,84;44,54
16,9;5,7;0,84;157,74
17,2;6,2;0,84;49,98
17,2;6,2;0,86;46,76
17,5;6,3;0,84;69,78
17,5;5,4;0,84;64,38
17,5;4,5;0,84;40,01
18,1;3,1;0,84;35,76
18,5;5,8;0,84;110,28
18,8;6,1;0,92;113,93
19,1;6,3;0,81;99,64
19,1;6,5;0,84;84,93
19,1;7,4;0,84;70,7
19,4;6,2;0,92;136,83
22;6,4;0,84;80,57
22,3;7,5;0,87;150,72
22,6;6,2;0,84;113,21
22,9;7,9;0,84;103,74
23,2;5,1;0,89;90,63
23,2;6,7;0,84;83,3
23,9;5,3;0,84;83,23
24,2;4,1;0,84;156,73
24,2;5,8;0,84;108,96
25,1;7,4;1,09;202,35
27,1;7,4;1,04;268,12
27,1;8,1;0,84;216,3
28;7,8;0,84;206,34
28;6,2;0,84;180,56
30,6;7,7;0,84;291,84
31,2;5,5;0,97;250,25
35;7,2;0,84;366,65
5;3,3;0,94;5,65
5;3,1;0,94;5,8
5,1;4,1;0,94;6,03
5,3;3,9;0,94;4,88
5,3;2,5;0,94;4,24
5,3;3,2;0,94;4,64
5,3;2,8;0,94;4,06
5,4;3,3;0,94;5,35
5,4;3,4;0,94;3,83
5,6;3,5;0,94;4,44
6;4,1;0,94;7,62
6,1;3,9;0,94;6,99
6,2;4,1;0,94;10,99
6,2;5,3;0,94;9,51
6,2;3,7;0,94;9,18
6,3;4,4;0,94;7,79
6,4;3,8;0,94;6,99
6,5;3,2;0,94;8,26
6,6;1,8;0,94;4,68
6,7;4,1;0,94;8,59
6,7;3,8;0,94;7,45
6,8;2,7;0,94;12,18
6,8;4,5;0,94;10,59
6,9;4,1;0,94;7,02
7;2,7;0,94;7,57
7;2,4;0,94;6,49
7;2,5;0,94;4,47
7,1;4,4;0,94;16,5
7,1;4,6;0,94;10,47
7,3;3;0,94;15,29
7,4;3;0,94;9,51
7,4;5;0,94;10,02
7,4;4,2;0,94;9,47
7,4;3,5;0,94;8,37
7,5;4,5;0,94;13,14
7,5;4;0,94;11,86
7,6;3;0,94;11,14
7,6;4;0,94;8,74
7,7;3,6;0,94;8,71
7,8;5,1;0,94;14,55
7,8;3,4;0,94;7,71
7,9;5,4;0,94;41,45
7,9;4,5;0,94;15,43
8;4,1;0,94;13,06
8,3;4,3;0,94;15,13
8,3;5,3;0,94;11,51
8,3;4;0,94;10,52
8,3;3,4;0,94;9,06
8,3;3,5;0,94;7,22
8,4;4,9;0,94;16,83
8,4;1,8;0,94;5,33
8,5;6,6;0,94;36,03
8,5;4,1;0,94;16,25
8,5;3,7;0,84;12,7
8,7;5,2;0,94;20,58
8,9;3,5;0,94;16,82
8,9;3;0,94;6,19
9,2;4,3;0,94;17,44
9,4;5,2;0,94;17,04
9,4;7,9;0,94;15,52
9,5;3,9;0,94;22,53
9,5;4,1;0,94;9,23
9,6;4,4;0,94;19,68
9,9;4,3;0,94;18,94
10,1;4,7;0,94;26
10,1;5,1;0,94;22,02
10,2;4,8;0,94;13,14
10,5;4,4;0,94;21,07
10,5;3,7;0,94;20,67
10,5;2,9;0,94;9,7
10,6;4,1;0,94;11,32
10,8;3,8;0,94;11,16
11,1;4,4;0,94;25,78
11,4;4,5;0,94;28,13
11,5;5,4;0,94;28,44
12;4,5;0,94;29,3
12,1;5,6;0,94;26
12,5;4;0,94;27,63
13,1;5,4;0,94;34,92
13,4;4,5;0,94;35,45
13,4;4,5;0,94;21,89
13,7;4,8;0,94;38,76
14,6;5,8;0,94;47,48
15;4,6;0,94;44,27
15,3;4,4;0,94;16,31
17,5;4,9;0,93;75,07
17,5;6,9;0,94;71,02
17,5;5,5;1,02;62,68
17,8;4,9;1;77,15
18,1;4,6;0,94;102,04
25,1;6,5;0,92;227,39
7,2;3,1;0,98;4,7
10,5;4,6;0,98;20,93
19,4;6,2;0,98;112,05
28,6;5,3;1;399,15
38,5;8,7;0,97;691,58
5,3;3,4;0,43;2,38
5,3;3,5;0,43;1,64
5,5;2,2;0,43;1,24
5,7;3,5;0,43;2,59
6,1;3;0,43;2,13
6,2;3,1;0,43;4,25
6,2;4,3;0,43;3,76
6,2;2,3;0,43;2,27
6,5;3;0,43;6,5
7;4,3;0,43;2,39
7,2;4,1;0,43;3,08
7,3;3,1;0,43;2,76
7,6;4,2;0,43;7,63
8,4;3,4;0,43;2,69
8,5;4,2;0,43;6,61
8,6;3,2;0,43;6,36
8,7;2,7;0,43;5,77
9;4;0,43;7,73
9,5;3,4;0,43;3,95
10,3;3,3;0,43;9,73
10,7;5;0,43;13,75
10,8;4,8;0,43;10,46
12,1;4,4;0,43;11,58
13,7;5;0,43;25,89
16,6;5,4;0,43;38,81
16,6;4,4;0,43;20,5
17,2;3,8;0,43;13,65
18,5;4,5;0,43;48,04
19,1;4,1;0,43;40,95
20,7;5;0,43;49,3
21,6;5,2;0,43;78,24
29,3;7,5;0,43;201,3
5,1;3,2;0,6;2,16
5,8;3,7;0,6;7,07
5,9;3,6;0,6;3,3
5,9;3,3;0,6;2,79
6,5;3,2;0,6;2,79
7,1;3,4;0,6;3,14
7,2;3;0,6;7,07
7,8;3,8;0,6;5,74
8,6;3,7;0,6;8,84
8,9;3,8;0,6;8,45
9,1;4;0,6;10,54
9,7;3,4;0,6;7,23
10,7;5;0,6;14,54
11;4,3;0,6;13,05
11,5;3,8;0,6;13,56
12,1;4,9;0,6;14,74
12,7;4,2;0,6;22,13
13,2;3,7;0,6;24,01
13,7;5,4;0,6;29,55
16,2;5,2;0,6;77,48
16,9;4,9;0,6;37,62
5;3,4;0,73;4,16
5;2,4;0,73;3,56
5,1;2,4;0,73;2,11
5,2;2,9;0,73;5,63
5,3;2,4;0,73;3,7
5,3;1,9;0,73;2,74
5,5;1,9;0,73;5,08
5,6;2,4;0,73;4,79
6;2,7;0,73;8,83
6,1;3,1;0,73;4,11
6,3;2,9;0,73;5,14
6,3;2,5;0,73;4,2
6,6;2,7;0,73;1,72
7;2,8;0,73;6,7
7;2,1;0,73;3,06
7,1;2,1;0,73;4,07
7,1;2,2;0,73;2,5
7,4;2,7;0,73;2,78
7,5;2,5;0,73;3,8
7,8;2,1;0,73;4,34
7,9;2,3;0,73;5,19
8;3,2;0,73;6,9
8,4;2;0,73;8,32
10,9;2,2;0,73;13,46
10,9;2,2;0,73;12,83
5,1;2,2;0,56;2,08
5,8;3,6;0,56;2,92
6;2,9;0,56;4,41
6,1;3,8;0,56;2,62
6,3;2,1;0,56;3,07
7,2;3,5;0,56;6,54
7,5;4,3;0,56;6,4
8;3,7;0,56;7,22
8,1;3,2;0,56;4,7
8,2;3,5;0,56;6,44
9,8;4,6;0,56;21,01
11,1;4,9;0,53;14,18
12,4;3,7;0,56;18,98
12,4;3,4;0,56;16,86
14;3,8;0,62;24,25
15,6;3,8;0,52;42,01
15,6;6,4;0,56;30,49
20,7;7,5;0,56;75,56
24,5;5,7;0,61;134,13
24,8;6,7;0,56;187,56
24,8;6,3;0,56;112,35
40,1;9,3;0,54;491,5
8,6;1,2;0,66;7,3
11,8;3,5;0,67;30,61
14,6;6;0,74;45,16
19,4;3,6;0,77;24,55
21,3;8,6;0,93;96,46
22,6;7,9;0,85;175,36
22,9;6,4;0,71;148,1
27,4;7,6;0,76;300,1
8;2,6;0,62;3,38
8;2;0,51;3,1
8,8;4,5;0,51;9,31
11,5;2,3;0,51;8,96
15;4,1;0,51;9,72
24,8;4,5;0,45;93,15
26,4;5,5;0,45;106,51
30,9;8;0,49;136,02
30,9;5,5;0,45;130,38
35;7;0,48;232,2
40,7;6,7;0,51;313,5
42,7;6,5;0,65;444,36
57,9;10,1;0,47;834,32
5,1;2;0,74;1,84
6,7;2,2;0,9;3,92
8,6;3,3;0,8;11,03
8,6;3;0,72;9,33
8,9;3,2;0,75;7,44
9,9;2,2;0,71;27,09
10,5;3,7;0,75;26,29
10,8;3,1;0,79;18,41
11,5;4,3;0,73;31,49
13,4;3,6;0,78;40,22
13,4;3,3;0,73;20,08
22;5,4;0,6;94,45
22,3;3,4;0,78;82,47
23,9;5,6;0,76;102,08
69,1;30,4;0,59;3804,47
33,5;30,2;0,45;582,11
55,1;29;0,45;2893,07
60;34,1;0,45;3089,5
16,4;18,2;0,64;134,39
13,5;15;0,28;35,57
16;16,9;0,75;106,38
16,2;17,6;0,75;135,19
7;12,2;0,79;16,44
8,2;9;0,79;19,45
11,1;15,1;0,79;56,27
12;14,1;0,79;71,59
13,6;20,9;0,79;125,11
33,9;29;0,79;1067,3
82,4;45,9;0,79;9879,02
22,4;20,4;0,53;297,54
10,9;15,5;0,64;40
74,3;35,2;0,64;6385,74
7,6;12;0,84;21,62
7,8;15,7;0,84;30,03
13,4;19,4;0,84;137,12
17,8;20,4;0,84;283,12
6,8;10,5;0,66;14,55
11,9;14,8;0,66;74,51
12,4;15,2;0,66;71,66
13,2;17;0,66;94,61
13,4;17,1;0,66;126,28
45;27,9;0,57;1151,28
23,6;24,5;0,62;368,53
5,8;8,5;0,67;10,97
6,2;8,6;0,67;14,06
6,8;8,8;0,67;22,42
8,9;12,6;0,67;34,5
9,8;11,3;0,67;41,5
10,2;15,3;0,67;44,52
12,4;11,9;0,67;65,45
14,8;19,5;0,67;103,53
15,4;13,3;0,67;112
27,6;25,8;0,79;798,44
25,7;24,8;0,86;526,62
15,4;19,9;0,59;126,45
24,4;23,2;0,22;207,01
12;18,5;0,54;76,82
10,6;14,7;0,59;56,9
43,4;30,9;0,59;1707,82
11,6;17,3;1,08;64,35
24,6;28,2;0,9;659,23
10,7;13,1;0,76;49,97
59,7;37,3;0,76;5617,86
11,7;22,6;0,74;98,5
12,2;15,3;0,74;76,31
13,7;15,8;0,63;96,39
18,2;18,8;0,63;181,39
21,9;19,2;0,63;316,88
49;30,1;0,41;2227,8
19,2;24,6;0,6;193,19
36,5;28,5;0,55;1047,89
6,3;10,4;0,76;13,13
6,5;12,1;0,62;15,62
9,3;13,1;0,56;43,6
29;28,2;0,56;521,16
22,9;21,4;0,56;197,81
8,4;13,4;0,56;24,75
14,7;13,5;0,65;132,43
16,6;18,4;0,73;176,33
19,3;24,4;0,79;348,48
12,6;16,7;0,67;64,84
28,6;31,9;0,67;601,51
46,5;29,4;0,55;2571,83
13,4;18,8;0,64;109,33
50,6;35;0,64;2369,92
45,4;29,5;0,59;1942,14
12,4;17;0,58;84,74
14,1;16,5;0,53;138,07
20;19,6;0,58;369,82
31,4;25;0,58;893,94
8,5;13,2;0,57;30,54
13,4;15,9;0,61;74,9
34,6;26,8;0,65;903,96
10,4;14;0,6;49,26
16,3;17,4;0,6;148,01
11,6;13,6;0,62;47,18
5,7;9;0,62;9,59
9,5;11,7;0,75;43,22
9,2;16,2;1,05;48,08
9,9;13,8;1,05;55,53
13,9;15,2;1,05;124,37
5,8;8,3;0,62;12,07
6;8,9;0,65;18,21
12,5;15,9;0,65;76,88
29;22,8;0,89;399,65
5,6;7;0,51;9,36
9,4;15,3;0,51;26,77
44,2;32,8;0,45;1575,88
8,7;14,6;0,74;31,2
10,9;13,6;0,44;37,53
42,7;27,6;0,44;1053,73
18,3;17,3;0,4;152,12
7,3;13,2;0,71;32,5
49,2;27,5;0,77;2790,78
16,6;18,3;0,68;159,9
20,8;22,3;0,68;337,23
21,2;15,9;0,68;241,14
21,8;23,5;0,68;459,44
45,2;25,7;0,68;1865,39
6,3;10,2;0,56;14,8
7,5;6,9;0,56;11,87
9,3;13,6;0,56;35,97
10,2;16,3;0,56;57,16
12,2;16,6;0,56;88,66
26,7;25,2;0,57;569,77
6,5;10,8;0,8;14,78
7,9;10,1;0,62;24,06
9,1;13,5;0,62;35,94
9,2;17,9;0,62;44,19
9,7;14,6;0,62;42,31
8,9;15,3;0,66;37,89
15,2;18;0,66;145,85
8,3;10,1;0,37;37,88
9,7;12,5;0,65;31,97
19,9;18,7;0,65;234,83
31,5;23,7;0,46;258,03
59,2;30,3;0,46;3760,91
49,2;28,2;0,51;1479,68
5,8;9,9;0,54;10,74
6,7;12,7;0,54;10,72
18,6;18,3;0,54;166,16
19,1;24,7;0,54;192,98
6,4;8,2;0,38;8,23
95;35,8;0,36;4566,39
70,5;39,4;0,51;4405,57
6,3;9,4;0,69;13,93
9,3;14,8;0,84;40,43
13,4;15,4;0,71;85,25
16,5;17,8;0,71;183,89
16,6;16;0,71;133,7
20,7;19,6;0,71;306,85
28,2;20,9;0,71;666,14
45,2;24,9;0,71;1877,75
15,8;16,3;0,53;119,55
17,3;15,5;0,53;147,38
23,8;23,9;0,53;276,68
6,9;9,4;0,63;16,42
7,7;8,6;0,63;17,3
9,5;13,8;0,63;34,69
10,3;13,3;0,63;32,94
10,2;12,8;0,62;37,53
37,8;25,2;0,56;805,47
9,8;13,8;0,61;47,62
9,3;13,4;0,55;43,48
12,4;18,8;0,84;112,04
124,8;45,9;0,71;20415,96
13,2;17,8;0,53;92,89
57,3;37,1;0,8;4657,82
9,7;12,6;0,66;37,47
26,3;27,2;0,66;834,48
27,9;25,1;0,39;226,36
38,8;27,4;0,62;1405,5
6,2;7,7;0,67;13,39
6,4;7,7;0,67;11,67
11,8;11,7;0,67;62,14
15,4;18,5;0,54;82,92
28,9;21,5;0,51;456,72
11,3;11,3;0,77;64,38
74,8;37,8;0,73;7310,74
19,7;22,5;0,53;235,12
11,1;16,1;0,78;83,92
90,1;42,5;0,64;9655,32
58,9;37,3;0,65;5067,79
8,1;9,5;0,62;23,39
8,9;11,2;1,05;46,11
16,7;15,9;1,05;192,27
5,6;9,1;0,52;9,49
6,5;8,1;0,44;11,34
7,5;9,8;0,44;14,2
22,7;18,7;0,4;228,72
15;13,5;0,58;103,67
9,1;12,3;0,62;31,12
13,4;18,4;0,62;101,9
13,9;16,8;0,62;128,52
5,2;8,5;0,66;6,77
11,8;15;0,66;72,97
10,7;13;0,69;41,76
21,1;23;0,42;199,09
37,6;28,8;0,62;1439,35
7,7;10,6;0,45;20,53
28,2;20,2;0,45;558,03
33,4;25;0,45;596,11
6,6;10,9;0,54;18,69
15,3;14,4;0,54;112,61
26,1;21;0,51;486,32
6,1;7,5;0,43;6,74
42,8;28,3;0,76;1361,67
9,7;13,1;0,85;53,38
11,7;11,6;0,71;65,41
18,9;20,8;0,71;274,32
29,9;23,9;0,53;673,84
85,9;54,1;0,6;8186,78
6,7;8,8;0,61;19,23
14,2;9,7;0,61;124,26
11;11,8;0,51;73,7
18,9;19,4;0,37;119,9
11,5;13,1;0,65;98,43
11,4;13,9;0,51;52,18
7,7;11,6;0,51;35,51
8,2;11,6;0,51;44,79
17,6;17,6;0,63;226,91
7,7;10,8;0,52;25,6
6,4;10,1;0,74;15,59
7,6;11,7;0,74;31,21
11,6;13,4;0,74;91,84
15,8;16;0,74;160,15
5,5;9,4;0,56;16,62
12,4;18,9;0,78;132,86
13,5;17,4;0,62;128,03
14,9;20,9;0,62;216,81
10,3;11,8;0,51;37,51
9,5;13,2;0,84;56,23
8,7;8,8;0,65;28,57
14,3;17,6;0,52;121,26
16,5;16,8;0,52;185,1
12,8;12,7;0,63;61,85
19,1;15,1;0,63;140,38
9,7;13,5;0,69;69,06
10,5;15;0,69;68,85
12,6;13,6;0,69;93,12
14;18,1;0,69;142,53
8,5;12,5;0,71;35,02
10,6;12,4;0,71;120,38
7,9;12,5;0,94;29,45
6;10,4;0,79;18,64
12;17,2;0,79;118,61
11,6;19,4;0,71;99,61
16,5;17,9;0,51;150,65
33,3;23,6;0,51;624,51
6,5;9,8;0,58;22,27
7,9;9,1;0,49;21,23
9,6;15;0,49;43,18
9,9;12,6;0,49;39,22
11,6;15,4;0,49;79,62
13,2;13,7;0,66;49,81
13,4;16,4;0,49;39,63
11,7;12,6;0,71;61,94
9,3;11,1;0,72;49,15
9,9;12,7;0,53;38,09
9,9;12,7;0,53;35,42
7,7;11,9;0,63;26,07
9,1;17,8;0,63;36,36
10,1;15;0,63;79,63
13,2;20,4;0,72;118,71
13,7;23,4;0,72;150,91
34,5;27,7;0,68;1184,8
8,1;11,7;0,63;95,93
6,9;9,9;0,61;53,58
8,6;8,7;0,61;34,73
9,9;15,6;0,61;58,14
10,3;13,8;0,61;61,28
11,6;16;0,61;92,29
7,3;14,2;0,59;59,86
7,1;11,2;0,63;18,46
8,9;12,6;0,63;54,58
9;10,8;0,63;62,76
15,9;23,9;0,84;292,07
7,9;11,4;0,62;18,6
16,9;11,8;0,62;97,3
23,6;16,7;0,5;117,3
32,5;20,6;0,42;435,3
35,7;32,4;0,42;446,8
36,6;28,2;0,42;867,6
37,7;23,6;0,42;1224,9
39,8;26,1;0,42;965,5
11,5;14;0,73;48,5
7,6;12,3;0,52;13,3
28,3;11,4;0,52;197,4
30,6;20,2;0,52;491,3
9,9;7,2;0,38;25,9
12,1;14,6;0,38;56
15,6;8,6;0,38;56,9
18,8;11;0,38;147,1
27,1;22,9;0,38;337,7
9,6;8,5;0,5;26,3
12,4;10,5;0,5;25,4
17,2;10,6;0,5;80,7
8;10,5;0,47;18,7
33,9;20,2;0,47;608,4
11,8;12,5;0,5;35,1
12,4;12,5;0,5;27,2
10,5;11;0,5;34,4
48,1;24;0,7;1800,7
32,8;25,4;0,57;662,4
15,3;14,3;0,57;90,4
9,2;10,1;0,75;24,1
21;20,7;0,42;276,3
22,6;23,4;0,48;308,23
31,8;35,9;0,44;712,47
32,5;32,9;0,49;728,08
39,1;45,8;0,41;1923,11
55,1;38,9;0,6;3746,99
55,7;37,8;0,58;3658,23
63,7;45,6;0,42;4257,88
71,6;44,6;0,48;6654,74
72,2;49;0,39;4043,49
82,8;57,7;0,51;10080,05
114,6;59,1;0,45;15740,83
6,5;2,7;0,56;13,13
8;4;0,55;18,66
9;4,7;0,67;25,85
9;7;0,67;31,99
14;5,2;0,42;63,2
15;8;0,55;77
21,3;11;0,55;171,79
23;6,4;0,42;187,53
24,2;9,7;0,67;233,41
24,5;14;0,55;395,73
25,2;9,8;0,74;371,29
25,5;7,3;0,74;333,69
27;7,6;0,74;206,57
27;13;0,42;399,89
28;7,3;0,67;307,07
28;8,3;0,42;445,02
29;9;0,56;417,12
30;7;0,65;206,87
32;12;0,55;533,45
32;13,7;0,42;427,53
34;9,8;0,74;698,69
36;8;0,55;435,23
37;12;0,67;416,4
40;16;0,76;994,56
41;14;0,74;1431,45
45;15;0,74;803,14
47;12,9;0,74;653,67
48;17;0,55;1724,51
52;16;0,55;1271,17
52;18,7;0,55;1828,36
57;15;0,55;2562,16
58;13,6;0,69;1712,88
63;16,7;0,55;2638,88
64;19;0,55;4074,48
73,3;18,5;0,55;4510,53
74;19,5;0,55;4941,36
76;19;0,74;5143
78;17,9;0,55;4345,78
6,4;6,5;0,76;23,88
8,9;3,5;0,66;28,75
9;6;0,41;23,52
9,1;7,5;0,76;39,83
13,5;6,7;0,56;60,85
15;12;0,56;84,61
15,9;12;0,56;85,62
16;7,4;0,99;63,26
16,4;7,6;0,51;49,96
18;15,3;0,87;144,61
20,3;10,5;0,62;183,31
20,9;14;0,56;194,89
22,7;14,5;0,67;113,68
25;12,3;0,63;231,55
25;16,5;0,86;278,97
26;17,1;0,56;300,73
27;17,2;0,63;353,01
27,5;11;0,67;178,72
28;11,9;0,56;407,91
30;9;0,61;430,09
30,2;10,6;0,56;485,68
31,5;11,2;0,41;299,34
34;13;0,56;500,05
35,3;18;0,67;779,81
36;13;0,72;748,37
36;13;0,62;731,94
40;18,2;0,56;1079,39
42,5;20;0,74;1588,65
45;14,8;0,72;1322,39
50;15;0,74;2236,57
50;20,1;0,56;1933,02
51;14;0,75;900,73
54;15,7;0,56;1909,19
60;18,5;0,61;2050,64
62;14,7;0,55;2822,19
67;19,5;0,56;3214,89
68;24;0,67;4498,8
75;25;0,95;5599,69
76;22;0,67;4060,58
82;25;0,56;8040,18
101,9;25,7;0,67;9996,96
110;27,5;0,67;10418,83
8;7;0,63;21
8;5;0,69;13,49
10,2;6,3;0,74;36,49
10,6;9,3;0,74;25,34
11,6;8;0,67;30,06
17;10,6;0,76;172,72
18;9,8;0,63;115,94
18;7,3;0,67;189,11
18;8,1;0,55;111,64
21;10,4;0,76;179,88
22;8,6;0,55;196,03
24;9;0,74;169,06
25;12,9;0,74;338,44
26,3;14,8;0,74;416,92
27;12,3;0,58;323,44
28;10;0,55;279,88
35;13;0,55;551,95
35;11;0,58;544,89
38;14,3;0,56;974,47
38;12;0,58;1188,02
43;11;0,55;914,27
44;17;0,74;1795,39
44;15,6;0,76;1366,04
45;18;0,72;1246,53
46;18,8;0,55;1490,17
48;17;0,62;1885,34
50;17,2;0,63;2146,08
51;15;0,72;1691,43
52;19,2;0,74;1972,29
53;19;0,67;2591,77
53;15,1;0,7;2249,32
54;13,6;0,63;1958,52
55;17;0,7;3583,77
58;17;0,67;2350,74
63;12,3;0,7;2081,16
64;11,4;0,74;2371,64
71;21;0,67;4158,71
79;26;0,67;6227,15
6,7;7,3;1,08;17,82
10;6;0,76;26,02
10;6;0,79;23,12
14;8;0,73;54,98
15;6,8;0,8;40,35
15,2;5,6;1,08;116,06
16;8,7;0,76;142,91
20;11;0,42;174,24
21;10,3;0,79;180,33
22;9,2;0,79;241,4
24;16,5;0,85;282,71
24;10,5;0,42;238,53
26;11,9;0,72;276,67
26;8,5;0,51;286,89
27,2;13,4;0,72;527,48
28,2;15;0,56;335,75
30;12;0,99;445,36
32;13;0,63;600,71
33;15,7;0,72;905,24
36;18,2;0,69;940,31
36;10;0,56;521,19
38;14,8;0,73;737,05
41;15,5;0,63;958,88
42;17;0,55;1362,02
47;16,7;0,55;1732,31
48,5;22;0,74;1739,36
49;17;0,63;1550,27
57;22;0,67;1974,93
63;20;0,74;3240,57
66;22,5;0,63;4473,19
68;20,4;0,72;4598,29
74;21;0,67;3177,99
84;23,8;0,67;4957,04
95;26;0,67;8790,16
21,7;24,6;0,72;341,67
55,4;30;0,74;3918,82
82,3;26,3;0,77;3346,91
42;22,9;0,73;1715,81
50,3;27;0,76;1403,89
12,8;23,8;0,56;96,33
38,8;23,4;0,53;1163,61
12;18,8;0,56;76,82
47,8;28,9;0,71;1831,62
58,6;32;0,72;3780,99
82,2;28,8;0,69;5124,56
15,1;20;0,67;208,72
23;19,6;0,55;359,65
28,5;25,1;0,38;347,38
20,6;20,1;0,61;268,68
19,3;24,9;0,71;387,49
30,1;26,3;0,73;836,04
10,3;10,4;0,53;36,7
11,6;17,4;0,8;91,45
11,9;19,3;0,63;71
17,2;22,4;0,42;139,67
21,5;26,7;0,69;367,08
24,5;25,1;0,63;439,44
32,8;27,6;0,69;626,7
35,6;25,5;0,65;710,79
35,7;28,9;0,59;601,41
36,3;27,3;0,54;755,95
36,6;32,6;0,49;678,25
48,5;29,7;0,68;2185,92
52,8;25,9;0,58;1228,16
54;33,5;0,74;2586,01
67,5;32;0,57;3772,63
73,5;31;0,7;2300,53
91;32;0,65;4379,34
94,5;32,2;0,67;4762,73
136,8;37,9;0,67;9852,72
14,5;21,7;0,48;78,27
58,3;26,2;0,56;2689,52
13,3;19,4;0,57;111,47
12;18,8;0,44;61,52
5;4;0,44;2,86
5,1;4;0,44;2,4
5,5;3,3;0,39;2,93
5,5;5,6;0,44;4,13
5,7;4,5;0,44;4,09
5,8;4,1;0,41;3,62
6;4,4;0,69;5,11
6;5,1;0,44;4,91
6,3;6;0,54;4,92
6,8;3,9;0,69;4,83
6,8;3,8;0,44;4,5
7;5,4;0,44;7,08
7,2;5,2;0,44;7,93
7,2;5,3;0,47;7,25
7,3;7,2;0,44;8,38
7,8;3,5;0,36;5,67
8,2;7,4;0,44;11,87
8,3;7,2;0,45;10,64
9,3;9,3;0,54;14,58
9,3;7,3;0,44;12,05
9,4;6,7;0,44;14,77
9,5;6,1;0,46;12,53
10;7,7;0,44;18,7
10,1;7,5;0,54;15,33
11,2;8,2;0,39;21,12
12,4;12,8;0,42;35,38
12,5;12,2;0,54;40,03
12,6;9,3;0,5;33,04
14,6;11,8;0,44;54,53
14,8;13;0,44;74,04
16,4;17,9;0,42;71,55
16,5;13,5;0,44;64,91
16,7;14,3;0,42;89,14
18,2;14,5;0,42;98,47
18,2;12,3;0,41;88
20,2;16,5;0,44;144,25
22,5;14,6;0,54;159,36
25,1;17,8;0,44;215,26
27,8;20,7;0,44;278,88
28,5;23,1;0,44;284,19
31,8;23,2;0,41;458,92
11,3;12,1;0,54;60,45
11,6;14,7;0,64;41,79
12,7;10,5;0,64;40,31
12,8;11,6;0,64;49,23
13,5;13,5;0,64;82,41
14,3;12,6;0,64;96,07
14,7;14,9;0,64;101,71
15;11,9;0,64;97,65
15,3;14,2;0,64;99,16
16,4;14,6;0,64;143,54
17;12,2;0,64;198,37
18,3;10;0,64;73,89
19,6;11,6;0,64;169,24
19,7;12,8;0,64;127
20,2;9,6;0,64;49,64
21;13,3;0,64;209,58
23,5;12,8;0,64;210,54
29,2;13,4;0,64;332,89
16,5;16,7;0,87;113,52
19;18,4;0,87;167,73
22,9;13,2;0,87;211,01
25,5;19;0,87;290,27
31,5;22,1;0,87;673,57
38,2;23,6;0,87;1085,25
12,8;13,6;0,6;93,63
16,4;14,8;0,6;243,82
17,5;17;0,6;178,98
18,1;15,8;0,6;182
18,2;16,5;0,6;226,25
20,3;17,3;0,6;265,23
23,8;19,9;0,6;449,42
28,6;19,4;0,6;564,76
31,1;19,5;0,6;775,88
31,4;21,6;0,6;648,79
34,8;19;0,6;984,18
35,4;20,4;0,6;1214,87
37,3;22,3;0,6;1265,45
41,7;23,2;0,6;1041,84
44,9;21,4;0,6;1414,83
58,5;22;0,6;2036,03
63,4;21,8;0,6;3257,18
18,6;16;0,31;178,48
10,7;14,2;0,63;67,7
14;12,5;0,63;132,2
14,5;12;0,63;119,07
17,2;16,8;0,64;209,12
27,4;12,6;0,69;143,58
13,1;13;0,51;125,13
10,5;11,5;0,51;72,71
10,7;12,7;0,51;67,42
11,3;14,3;0,51;81,24
12,1;14,6;0,51;94,82
10,6;8,7;0,71;42,05
11,5;10,8;0,71;67,09
11,9;13,6;0,71;59,69
17,1;13,5;1;120,71
21,7;19,3;1;377,46
24,5;17,7;1;436,75
17,2;16,6;0,73;315,48
10,2;12;0,66;59,27
21;16;0,66;280,27
28,2;17;0,57;328,67
33,4;19,4;0,57;680,36
35,5;17;0,57;704,16
36,6;20,3;0,57;879,49
45,4;19,8;0,57;730,05
10;8,7;0,81;21,62
10;12,4;0,81;52,86
11,2;12,2;0,81;76,47
11,4;12,6;0,81;75,11
12,3;11,1;0,81;91,86
14;16;0,81;135,35
15,2;12,4;0,81;97,68
16,4;12,2;0,81;172,14
23;13,3;0,81;433,39
23,2;15,4;0,81;358,09
23,5;17,1;0,81;424,9
25,2;16,5;0,81;539,56
26;17,4;0,81;483,23
35;10,6;0,81;455,01
37,3;18,1;0,81;1163,54
53,3;18,1;0,81;1409,58
15,1;15,4;0,63;153,14
13,5;13,9;0,26;57,45
15,5;13,6;0,26;85,18
28,5;19,2;0,26;324,78
10,7;12,5;0,79;53,03
12,9;15,2;0,79;93,18
13,4;14,4;0,79;79,12
23,2;12,9;0,79;104,35
24;16,9;0,79;306,85
24;16,6;0,79;414,86
25,6;14,5;0,79;456,21
28;21;0,79;638,99
10,3;10;0,71;52,14
10,4;8,5;0,71;35,81
10,4;11,7;0,71;50,33
10,6;12,8;0,71;57,33
10,8;10,6;0,71;72,99
10,9;10,6;0,71;77,55
11;12,3;0,71;54
11,2;10,8;0,71;84,38
11,3;9,8;0,71;45,34
11,5;15,1;0,71;94,71
11,8;13;0,71;83,05
11,8;13;0,71;98,71
11,9;12,4;0,71;86,15
12,1;8,5;0,71;63,72
12,9;10,3;0,71;86,24
13;11,5;0,71;103,14
13,4;12,9;0,71;101,25
13,6;10,9;0,71;79,65
13,6;13,4;0,71;130,57
14,1;8,2;0,71;36,99
15,1;14,4;0,71;183,57
17,8;12,4;0,71;230,06
18,2;14,6;0,71;282,49
19,5;11,6;0,71;100,99
20,4;14,6;0,71;307,57
21;15,6;0,71;302,93
24,3;14;0,71;364,63
10,2;12,5;0,78;59,99
16,1;13,7;0,9;124,76
18;14,2;0,9;159,37
26;16,7;0,9;334,51
34,2;19;0,9;809,12
16,6;10,5;0,41;119,51
24,4;17,1;0,39;133,06
24,6;18,2;0,39;205,15
33,5;17;0,39;334,14
45,3;18,1;0,39;820,79
12,9;13;0,87;132,37
29,9;19;0,87;709,16
34,1;17,8;0,87;1030,8
31,7;20,5;0,94;305,32
17,1;10,1;0,63;108,26
10,2;12,4;0,63;51,92
10,2;10,6;0,63;53,39
10,2;10,6;0,63;57,49
10,3;7,4;0,63;31,27
10,4;11,3;0,63;59,92
10,5;8,7;0,63;71,99
10,6;10,7;0,63;43,35
10,6;10,7;0,63;46,65
10,6;12,3;0,63;58,28
10,6;11,9;0,63;77,75
10,9;8,6;0,63;44,11
11,1;10,3;0,63;43,42
11,2;11,5;0,63;66,28
11,5;11,4;0,63;74,21
11,5;10;0,63;75,65
11,6;12,3;0,63;83,88
11,7;10,9;0,63;59,9
12;12,8;0,63;59,84
12,4;9,9;0,63;56,92
12,4;12,7;0,63;95,41
12,5;10,7;0,63;73,23
12,6;11,7;0,63;83,3
12,8;11,4;0,63;65,57
12,9;11;0,63;78,39
13,2;9,1;0,63;115,7
13,3;12,5;0,63;82,84
13,6;12,3;0,63;121,8
13,7;12,6;0,63;109,37
13,7;12,5;0,63;133,23
14,1;14;0,63;117,94
14,5;13,6;0,63;169,17
15,1;10,3;0,63;129,97
15,2;13,6;0,63;123,96
15,5;13,9;0,63;146,63
15,7;13;0,63;124,69
21,2;11,8;0,66;230,7
30,5;18,5;0,56;750,53
45,8;19,2;0,56;1023,4
44;21,2;0,56;1546,3
9,1;7,4;0,69;27,64
16,6;10,4;0,69;80,1
19,6;8,4;0,69;153,7
5,1;4,7;0,63;13,36
5,9;3,8;0,63;17,15
7,2;6;0,63;24,14
7,3;6;0,63;24,44
8;5,8;0,63;27,18
9,2;6,6;0,63;48,07
9,4;6,8;0,63;35,66
9,9;8,3;0,63;43,74
10,7;8,5;0,63;54,45
24,8;13,8;0,63;312,1
29;9,4;0,63;250,5
5,7;5,1;0,67;15,8
7,8;7,1;0,67;29,07
19,1;9,7;0,67;143,8
26,7;11,8;0,67;328,33
37,4;12,3;0,67;846,5
8,4;5,9;0,83;26,48
8,4;5,7;0,83;37,68
9,7;8,1;0,83;52,44
12,9;10,8;0,83;93,7
16,7;8,4;0,83;148,4
18,1;10,9;0,83;198,3
6;4,8;0,62;10,03
6,7;7,4;0,61;8,1
8;6,5;0,61;11,31
8,9;5,7;0,61;22,64
10,7;8,3;0,61;44,05
11,5;8,1;0,61;72,61
5,4;4,1;0,99;8,46
6,4;3,3;0,99;5,82
7,5;5,2;0,99;14,66
8,3;5,1;0,99;20
8,6;6,8;0,99;35,17
9,9;5,2;0,56;23,89
11,8;6,8;0,56;77,8
12,1;8,5;0,56;43
12,1;9;0,56;75,7
14;6,6;0,56;55,6
15,1;7,5;0,56;82,6
16,6;7,4;0,56;88,69
17,2;8;0,56;118,3
17,5;7,9;0,56;153
19,7;9,4;0,56;208,5
22;11;0,56;304,04
22,9;11,6;0,56;367,27
5,3;5,7;0,73;11,43
5,7;6,6;0,73;9,39
5,7;8,2;0,73;12,46
5,7;4,3;0,73;6,79
6;7,5;0,73;17
6,2;6,6;0,73;10,18
6,2;5,8;0,73;19,25
6,4;5;0,73;20,39
6,7;6;0,73;14,45
7;6,9;0,73;22,13
7,3;6;0,73;14,11
8,3;6,9;0,73;16,67
8,3;8;0,73;24,87
8,6;6,4;0,73;22,45
8,6;7,1;0,73;30,34
8,9;5,9;0,73;15,02
9,4;7,8;0,73;42,91
9,5;6;0,73;23,11
9,5;6;0,73;25,11
9,9;7,8;0,73;39,15
10,5;7,4;0,73;27,94
10,5;7,3;0,73;43,24
10,5;7,6;0,73;46,24
12,1;10,4;0,73;56,8
12,1;8,4;0,73;49,8
12,4;7,5;0,73;47,7
12,4;8;0,73;69,6
13,2;9,5;0,73;87,25
13,4;9,5;0,73;71
13,4;10;0,73;89,94
13,7;8,2;0,73;94,08
14;8,6;0,73;64
14,2;8,6;0,73;121,01
14,6;9,8;0,73;100
15,1;9,1;0,73;103,1
15,3;8,1;0,73;101,02
16,2;9,5;0,73;113,5
19,4;9,2;0,73;201,85
20,4;9,4;0,73;180,15
21,3;8,7;0,73;231,9
21,5;9,8;0,73;212,65
24,2;8,4;0,73;241
25,1;10,8;0,73;279,5
32,5;13,3;0,73;704,4
5,4;4,5;0,76;8,5
5,7;4,3;0,76;6,18
6;6;0,76;9,03
8,1;5,5;0,76;13,9
9,7;8,3;0,76;43,39
11,1;8,2;0,76;52,05
12,1;8;0,76;45,2
21;7,8;0,62;143,32
7,3;3,6;0,62;16,78
9,4;9;0,62;17,9
9,4;4,1;0,62;25,2
9,5;4,7;0,62;22,4
11,5;5;0,62;33,29
12,4;5,9;0,62;51,21
20,7;7,5;0,62;180,9
19,1;9,1;0,72;163,2
6,2;6,3;0,78;13,87
7,3;4,2;0,78;15,18
9,9;4;0,78;13,97
18,5;9,4;0,78;127,4
8,3;4,6;0,62;9,1
9,7;6,6;0,56;28,61
8,8;6;0,87;17,7
14;5,5;0,9;64,7
15,8;7,1;0,9;74,8
5,4;3;0,65;2,9
6,4;3;0,65;9,22
7;5;0,58;8,94
8,9;6,6;0,58;30,94
10,8;5,6;0,58;23,03
14;6,4;0,58;57
14,2;5,5;0,58;61,8
15,9;8,9;0,58;94,23
34,4;10,7;0,58;469,5
5,4;4,3;0,65;7,72
6,4;5;0,65;9,06
10,3;7,5;0,65;54,05
13,1;7,6;0,65;73,62
14,3;8,2;0,65;66,29
15,8;9,3;0,65;119
16,6;8,5;0,65;85,3
21;8,5;0,65;163,1
23,6;9,3;0,65;323,7
25,1;10;0,65;309,3
28,3;12,5;0,65;435,4
28,6;9,3;0,65;358,16
29;13,7;0,65;383
6,4;3,8;0,4;6,35
6,8;5,2;0,87;7